"from","to","value"
"Bcry","BC","0.209025017061313"
"GRMZM2G037335","GRMZM2G314546","0.201136333635798"
"GRMZM2G375675","GRMZM2G314546","0.176353630850336"
"GRMZM2G314546","AC203754.4_FG008","0.161956046552666"
"GRMZM2G375675","GRMZM5G871419","0.161466903065587"
"GRMZM5G871419","GRMZM2G314546","0.156491753495262"
"GRMZM2G131907","GRMZM2G301208","0.137000337926505"
"GRMZM2G032222","GRMZM2G314546","0.13581609782223"
"GRMZM2G037335","GRMZM5G871419","0.131507809588437"
"GRMZM2G377904","GRMZM2G101938","0.131086670900142"
"ZEA","Bcry","0.126254866202193"
"GRMZM2G375675","AC203754.4_FG008","0.115948728877682"
"GRMZM2G377904","GRMZM2G340807","0.113075262743288"
"GRMZM2G314546","GRMZM2G072850","0.109302222867016"
"LUT","AC","0.108985874500415"
"GRMZM2G131907","GRMZM2G089491","0.106056686189931"
"GRMZM2G108457","GRMZM5G871419","0.10436133127381"
"GRMZM2G174949","GRMZM2G072850","0.103039477861349"
"GRMZM2G037335","AC203754.4_FG008","0.102462879815674"
"GRMZM2G109547","GRMZM2G028129","0.101090041851077"
"GRMZM2G104955","GRMZM2G375675","0.0984819274871336"
"GRMZM2G104955","GRMZM2G149230","0.0948859863271122"
"GRMZM2G037335","GRMZM2G375675","0.0943497919363968"
"GRMZM2G472945","GRMZM2G057690","0.0884134952777394"
"GRMZM2G149230","GRMZM2G167492","0.0882115430151931"
"GRMZM2G104955","GRMZM2G314546","0.0871428570307955"
"GRMZM2G108457","GRMZM2G375675","0.0857202223995457"
"GRMZM2G375675","GRMZM2G072850","0.0846711605557789"
"GRMZM2G037335","GRMZM2G072850","0.0845772180481084"
"GRMZM2G131907","GRMZM2G101938","0.0839050015109804"
"GRMZM2G052111","GRMZM2G072850","0.0827501834514711"
"GRMZM2G104955","GRMZM5G871419","0.0819813230220662"
"GRMZM2G128214","GRMZM2G314546","0.0806704764055726"
"GRMZM2G037335","GRMZM2G128214","0.0790899640256503"
"GRMZM2G340807","GRMZM2G028129","0.0784564666410996"
"GRMZM2G108457","AC203754.4_FG008","0.0780918684189937"
"GRMZM2G149230","GRMZM5G871419","0.077975293349773"
"GRMZM5G871419","AC203754.4_FG008","0.0770283403831394"
"GRMZM2G137375","GRMZM2G068575","0.0720177381560236"
"GRMZM2G108457","GRMZM2G128214","0.0716328882794013"
"AC203754.4_FG008","GRMZM2G072850","0.0708887037732777"
"GRMZM2G131907","GRMZM2G152373","0.0707843874322709"
"GRMZM2G151706","GRMZM2G301208","0.0703898943601998"
"GRMZM2G377904","GRMZM2G028129","0.0702194392935469"
"GRMZM2G089491","GRMZM2G314546","0.0695660356303557"
"GRMZM2G108457","GRMZM2G037335","0.0684103466617531"
"GRMZM2G028252","GRMZM2G057690","0.0677691129806894"
"GRMZM2G101938","GRMZM2G072850","0.0668921468220344"
"GRMZM5G856837","GRMZM2G101938","0.0664446312324257"
"GRMZM2G131907","GRMZM2G072850","0.065768310140957"
"GRMZM2G340807","GRMZM2G109547","0.0655833326670384"
"GRMZM2G340807","GRMZM2G327199","0.0652106631727784"
"GRMZM2G377904","GRMZM2G154460","0.0648709798101534"
"GRMZM2G340807","GRMZM2G101938","0.0645684256917632"
"GRMZM2G128214","GRMZM2G419267","0.0638952646605878"
"GRMZM2G377904","GRMZM2G072850","0.0632256363650045"
"GRMZM2G314546","GRMZM2G174949","0.0630744731224843"
"GRMZM2G314546","GRMZM2G068575","0.0626753876421409"
"GRMZM2G101938","GRMZM2G089491","0.0609497399545106"
"GRMZM5G854880","GRMZM2G101938","0.0608652422015247"
"GRMZM2G067350","GRMZM2G149230","0.0595454192471392"
"GRMZM2G089491","GRMZM2G301208","0.0593299696147338"
"GRMZM2G167492","GRMZM2G042488","0.059217400355388"
"GRMZM2G154460","GRMZM2G101938","0.058563061695628"
"GRMZM2G037335","GRMZM2G174949","0.0585628189552352"
"GRMZM2G137375","GRMZM2G116881","0.0582371500850433"
"GRMZM2G154078","GRMZM2G028129","0.0578802918456918"
"GRMZM2G089565","GRMZM2G314546","0.0570925878262357"
"GRMZM2G067350","GRMZM2G167492","0.0569836670213705"
"GRMZM2G108457","GRMZM2G314546","0.0561086365944313"
"GRMZM2G108919","GRMZM2G137375","0.0559718638198332"
"GRMZM2G102779","GRMZM2G017678","0.0556685572479584"
"GRMZM2G429899","GRMZM2G131907","0.0556678912765489"
"GRMZM2G375675","GRMZM2G089565","0.0552924814638368"
"GRMZM2G377904","GRMZM2G109547","0.0549158945850837"
"GRMZM2G035592","GRMZM2G301208","0.0548099211772831"
"GRMZM2G174949","AC203754.4_FG008","0.0542229228175617"
"GRMZM2G010353","GRMZM2G057690","0.0541435468740884"
"GRMZM2G377904","GRMZM2G154078","0.0540426264297234"
"GRMZM2G088834","GRMZM2G154460","0.053901731753787"
"GRMZM2G032222","GRMZM2G068575","0.0537349896273161"
"GRMZM2G101938","GRMZM2G167492","0.0535331644117461"
"GRMZM2G377904","GRMZM2G167492","0.053531344871195"
"ZEA","BC","0.0529573509187698"
"GRMZM5G854880","GRMZM2G072850","0.0529188784587621"
"GRMZM5G871419","GRMZM2G174949","0.0529026551928677"
"GRMZM2G101938","GRMZM2G301208","0.0526279666478403"
"GRMZM2G088834","GRMZM2G419267","0.0524063588845849"
"GRMZM2G377904","GRMZM2G120069","0.052317076206666"
"GRMZM2G149230","GRMZM2G375675","0.0522538058893302"
"GRMZM2G174236","GRMZM5G871419","0.0522235084471403"
"GRMZM2G108457","GRMZM2G072850","0.0521542496273634"
"GRMZM2G377904","GRMZM5G854880","0.0520823885759234"
"GRMZM2G032222","GRMZM2G037335","0.0518653372742697"
"GRMZM2G137375","GRMZM2G301208","0.0517097644197489"
"GRMZM2G149230","GRMZM2G320298","0.0516263600089875"
"GRMZM2G109547","GRMZM5G854880","0.0507597691115263"
"GRMZM2G128214","AC203754.4_FG008","0.0503321021206915"
"GRMZM2G088834","GRMZM2G101938","0.0502899501798146"
"GRMZM2G419267","GRMZM5G871419","0.0501828741913739"
"GRMZM2G104955","GRMZM2G429899","0.050042323044532"
"GRMZM2G101938","GRMZM2G174236","0.0500068019034901"
"LUT","GRMZM2G300348","0.0495988535620042"
"GRMZM2G012966","GRMZM2G108457","0.0493307160998174"
"GRMZM2G128214","GRMZM5G871419","0.0491618098169452"
"GRMZM2G131907","GRMZM5G856837","0.0489780752338899"
"GRMZM2G377904","GRMZM2G131907","0.048630143996914"
"GRMZM2G472945","GRMZM2G072850","0.0485624940784407"
"GRMZM2G152373","GRMZM2G301208","0.0484291884422209"
"GRMZM2G377904","GRMZM5G856837","0.0481238385545704"
"GRMZM2G108919","GRMZM2G116881","0.0481060711376552"
"GRMZM2G067350","GRMZM5G871419","0.0480774528801228"
"GRMZM5G871419","GRMZM2G072850","0.0480174626662605"
"GRMZM2G131907","GRMZM2G120069","0.0477048429946101"
"GRMZM5G856837","GRMZM2G301208","0.0473949725859682"
"GRMZM2G149442","GRMZM2G314546","0.0466686676682344"
"GRMZM2G149230","GRMZM2G147145","0.0465481703575625"
"GRMZM2G131907","GRMZM2G314546","0.0463019321572766"
"GRMZM2G154460","GRMZM2G301208","0.0460730377202477"
"GRMZM2G012966","GRMZM2G012498","0.0459703206000552"
"GRMZM5G854880","GRMZM2G120069","0.045912285733905"
"GRMZM2G154460","GRMZM2G152373","0.0455934603746015"
"GRMZM2G012966","GRMZM2G320298","0.0451463626634837"
"GRMZM2G012966","GRMZM2G394237","0.0451392771837004"
"GRMZM2G327199","GRMZM2G101938","0.0450423922471688"
"GRMZM2G340807","GRMZM2G154078","0.0449312743050314"
"GRMZM2G021433","GRMZM2G028129","0.0449151363516708"
"GRMZM2G101938","GRMZM2G120069","0.044559360890889"
"GRMZM5G854880","GRMZM2G167492","0.0445436779662225"
"GRMZM2G149230","GRMZM2G331833","0.0442930623487539"
"GRMZM2G032222","GRMZM2G067350","0.0442300723943533"
"GRMZM2G128214","GRMZM2G477340","0.0434471801450829"
"GRMZM2G010353","GRMZM2G375675","0.0434030204648322"
"GRMZM2G340807","GRMZM5G854880","0.0433916383630515"
"GRMZM2G149230","GRMZM2G101938","0.0432340505912616"
"Bcry","GRMZM5G854880","0.0431098246601702"
"GRMZM2G010353","GRMZM2G072850","0.0428793128513599"
"GRMZM2G010353","GRMZM5G871419","0.0427148812688558"
"BC","GRMZM5G854880","0.0426386247411366"
"GRMZM2G472945","GRMZM2G028252","0.042568481276244"
"GRMZM2G375675","GRMZM2G174949","0.0425471192742376"
"GRMZM2G327199","GRMZM2G167492","0.0424772067809809"
"GRMZM2G032222","GRMZM2G331833","0.0423964550657662"
"GRMZM2G152135","GRMZM2G036409","0.042338148749973"
"GRMZM2G035592","GRMZM2G089491","0.0421359408441062"
"GRMZM2G377904","GRMZM2G314546","0.0419069572960194"
"GRMZM2G012966","GRMZM2G020594","0.0418663394902913"
"GRMZM2G174236","GRMZM2G301208","0.041749927333166"
"LUT","GRMZM2G012966","0.0415890409402611"
"GRMZM2G149442","GRMZM2G089565","0.0414568089028626"
"GRMZM2G128214","GRMZM2G375675","0.0413402254681353"
"GRMZM2G104955","GRMZM2G147145","0.041098163987145"
"GRMZM2G177169","GRMZM2G017678","0.0409360173155301"
"GRMZM2G131907","GRMZM2G174236","0.0409211050492996"
"GRMZM5G854880","GRMZM2G028129","0.0408352724252885"
"GRMZM2G036409","GRMZM2G057690","0.0405317904275911"
"GRMZM2G108919","GRMZM2G301208","0.0403858602546322"
"GRMZM2G012966","GRMZM2G072850","0.0403009043972472"
"GRMZM2G152135","GRMZM2G154460","0.0402520521511495"
"GRMZM2G419267","GRMZM2G375675","0.0402180229109602"
"GRMZM2G154460","GRMZM2G131907","0.0398539955597808"
"GRMZM2G126812","GRMZM2G170727","0.0398318687022019"
"GRMZM2G377904","AC203754.4_FG008","0.0395673410721"
"GRMZM2G032222","GRMZM5G871419","0.0395083701628161"
"GRMZM2G037335","GRMZM2G135314","0.0395079509020848"
"GRMZM2G082180","GRMZM2G419267","0.0394590494888861"
"GRMZM2G108457","GRMZM2G419267","0.0394271616144477"
"GRMZM2G340807","GRMZM2G151107","0.0393639278828474"
"GRMZM2G089565","AC203754.4_FG008","0.0391642204548404"
"GRMZM2G377904","GRMZM2G021433","0.0391178008366592"
"GRMZM2G375675","GRMZM2G135314","0.0390098381883494"
"GRMZM2G459432","GRMZM2G314546","0.0389570390213879"
"GRMZM2G088834","GRMZM2G017678","0.0388472181487984"
"GRMZM2G131907","GRMZM2G068575","0.0388025768006737"
"GRMZM2G170351","GRMZM2G320298","0.0387062620070442"
"GRMZM2G300348","GRMZM2G032222","0.0385313378957772"
"GRMZM2G314546","GRMZM2G135314","0.0384948918169446"
"GRMZM2G151706","GRMZM2G089491","0.0383750933066253"
"GRMZM2G175258","GRMZM2G071270","0.0382778922521097"
"GRMZM2G108919","GRMZM2G126812","0.0382096271034096"
"GRMZM2G108457","GRMZM2G472945","0.0379732064236066"
"GRMZM2G088919","GRMZM2G089491","0.037775645865147"
"GRMZM2G152135","GRMZM2G131907","0.0377121669798865"
"GRMZM2G377904","GRMZM2G028252","0.0375569976592051"
"GRMZM2G035592","GRMZM2G152373","0.037368543427775"
"GRMZM2G147145","GRMZM2G167492","0.0373157435811617"
"GRMZM2G126812","GRMZM2G057690","0.0371728363520733"
"GRMZM2G154078","GRMZM2G167492","0.0369137112606503"
"GRMZM2G104955","GRMZM2G419267","0.0368618973421447"
"LUT","GRMZM2G172794","0.0367789136667413"
"GRMZM2G028129","GRMZM2G120069","0.0366361292123583"
"GRMZM2G419267","GRMZM2G174949","0.0366194148371993"
"GRMZM2G149442","GRMZM2G102779","0.0365506536911017"
"GRMZM2G088834","GRMZM2G116881","0.0364504692400864"
"GRMZM2G102779","AC206840.3_FG002","0.0364045175982436"
"GRMZM2G102779","GRMZM2G177169","0.036383017189639"
"GRMZM2G032222","GRMZM2G459432","0.036194134989623"
"BC","GRMZM2G012966","0.0360640127785682"
"GRMZM2G082180","GRMZM2G174236","0.0359777858848141"
"GRMZM2G154460","GRMZM2G017678","0.0358128948815531"
"GRMZM2G167492","GRMZM2G120069","0.035587609075715"
"GRMZM2G128214","GRMZM2G072850","0.035417502181422"
"GRMZM2G377904","GRMZM2G327199","0.0353733746157379"
"GRMZM2G301208","GRMZM2G116881","0.0351184027625574"
"GRMZM2G010353","GRMZM2G174236","0.035087113978101"
"GRMZM2G012498","GRMZM2G072850","0.0350516035622477"
"GRMZM2G104955","AC203754.4_FG008","0.0349604089243784"
"GRMZM2G320298","GRMZM2G157481","0.0349583460022132"
"GRMZM2G301208","GRMZM2G017678","0.0348953204972776"
"GRMZM2G067350","GRMZM2G101938","0.0348873692831075"
"GRMZM2G152373","GRMZM2G101938","0.0344939215748195"
"GRMZM5G871419","GRMZM2G089565","0.0344031829873302"
"GRMZM2G152135","GRMZM2G301208","0.0343854890537922"
"GRMZM2G152135","GRMZM2G017678","0.0342339606705267"
"GRMZM2G154460","GRMZM2G151107","0.0341333244414968"
"GRMZM2G137375","GRMZM2G174236","0.0340114970518008"
"GRMZM2G419267","GRMZM2G174236","0.0339319113124369"
"GRMZM2G152135","GRMZM2G152373","0.0339288043915902"
"GRMZM2G067350","GRMZM2G331833","0.033872429279017"
"GRMZM2G035592","GRMZM2G101938","0.0338002102546921"
"GRMZM2G089565","GRMZM2G072850","0.0335361052070817"
"GRMZM2G170727","GRMZM2G068575","0.0334809619493171"
"GRMZM2G377904","GRMZM2G375675","0.0334193726561739"
"GRMZM2G032222","GRMZM2G137375","0.0331639297424207"
"GRMZM2G131907","GRMZM2G021433","0.0331214520565817"
"GRMZM2G154460","GRMZM2G438438","0.0329340465747179"
"GRMZM2G010353","GRMZM2G419267","0.0328814733225348"
"GRMZM2G310362","GRMZM2G701389","0.0328263211760677"
"GRMZM2G082180","GRMZM5G871419","0.032622953166246"
"GRMZM2G108457","GRMZM2G174949","0.0325958366144867"
"GRMZM2G152373","GRMZM5G856837","0.0325480276400999"
"GRMZM2G149230","GRMZM2G419267","0.0321972662634584"
"GRMZM2G128214","GRMZM2G020594","0.0321769363375945"
"GRMZM2G088919","GRMZM2G131907","0.0320364065057874"
"GRMZM2G362281","GRMZM2G170727","0.032001681235609"
"GRMZM5G856837","GRMZM2G154078","0.0319787055430729"
"Bcry","GRMZM2G167492","0.0318672041861607"
"GRMZM2G108919","GRMZM2G057690","0.0318270768012997"
"GRMZM5G854880","GRMZM2G154078","0.031684664305359"
"GRMZM2G089565","GRMZM2G135314","0.0316504958167035"
"GRMZM2G031568","GRMZM2G075502","0.0315629695273344"
"GRMZM2G100727","GRMZM2G081464","0.0315295565868302"
"GRMZM2G460861","GRMZM2G116881","0.0314369315595897"
"GRMZM2G320298","AC206840.3_FG002","0.0313912255972892"
"GRMZM2G419267","GRMZM2G017678","0.0313462846492675"
"GRMZM2G419267","GRMZM5G838420","0.0311978744046243"
"GRMZM2G089491","GRMZM2G375675","0.0311410192470099"
"GRMZM2G377904","GRMZM2G089491","0.0310784373141321"
"GRMZM2G101938","GRMZM2G028129","0.0308754518044947"
"GRMZM2G104955","GRMZM2G032222","0.030662187624002"
"GRMZM2G131907","GRMZM2G137375","0.0306565517959178"
"GRMZM2G089491","GRMZM2G072850","0.0306412210123618"
"GRMZM2G157481","GRMZM2G068575","0.0305587080290821"
"GRMZM2G419267","GRMZM2G147145","0.0300874474902826"
"GRMZM2G047720","GRMZM2G042506","0.0299149756934501"
"GRMZM2G167492","GRMZM2G042516","0.0297685944707561"
"GRMZM2G032222","GRMZM2G375675","0.0296261932951758"
"GRMZM2G088919","GRMZM2G301208","0.0295854006701832"
"GRMZM2G419267","GRMZM2G314546","0.0293662657332384"
"GRMZM2G037335","GRMZM2G010353","0.0293095588236144"
"GRMZM2G067350","GRMZM2G082180","0.0293011716077642"
"GRMZM2G037335","GRMZM2G438438","0.0292004841895257"
"GRMZM2G300348","AC203754.4_FG008","0.0291798670610495"
"GRMZM2G340807","GRMZM2G154460","0.0291360144402648"
"GRMZM2G036409","GRMZM2G170351","0.0290812661972492"
"GRMZM2G438438","GRMZM2G177169","0.0290488920358598"
"GRMZM5G854880","GRMZM2G327199","0.0288249127719163"
"GRMZM2G701389","GRMZM2G089565","0.0287245691636283"
"GRMZM2G147145","GRMZM2G042506","0.0287139634669277"
"GRMZM2G020594","GRMZM2G419267","0.0286952513601691"
"GRMZM2G151706","GRMZM2G131907","0.0286059569745469"
"GRMZM2G340807","AC203754.4_FG008","0.0285210408453119"
"GRMZM2G149230","GRMZM2G154078","0.0285082115796641"
"GRMZM2G177866","GRMZM2G036409","0.0284700395238369"
"GRMZM5G871419","GRMZM2G135314","0.0284173243344268"
"GRMZM2G067350","GRMZM2G174236","0.0284000035819161"
"GRMZM2G101938","GRMZM2G154078","0.0283942648927301"
"GRMZM2G472945","GRMZM2G108919","0.0280549413468546"
"GRMZM2G142776","GRMZM2G120069","0.028013097164158"
"GRMZM2G362281","GRMZM2G340807","0.0279955319813912"
"GRMZM2G109547","GRMZM2G021433","0.0279595327783254"
"GRMZM2G082180","GRMZM2G314546","0.0279307379116263"
"GRMZM2G108457","GRMZM2G010353","0.0279066204076471"
"GRMZM2G104955","GRMZM2G167492","0.0278460520575113"
"AC","GRMZM2G109959","0.0277875756070927"
"GRMZM2G108919","GRMZM2G174236","0.0277755241048294"
"GRMZM2G174621","GRMZM2G301208","0.0276091567815061"
"GRMZM2G331833","GRMZM2G477340","0.0275398843098473"
"GRMZM2G300348","GRMZM2G314546","0.0274926091495792"
"GRMZM2G109547","GRMZM2G154078","0.0274740928410005"
"GRMZM2G149230","GRMZM5G856837","0.0274631652111235"
"GRMZM2G152135","GRMZM2G170351","0.0274139499260619"
"GRMZM2G082180","GRMZM2G375675","0.0273147357840167"
"GRMZM2G301885","GRMZM2G157481","0.0273098865899419"
"LUT","GRMZM2G170742","0.0273047893905816"
"GRMZM2G340807","GRMZM2G167492","0.0272791504447009"
"GRMZM2G377904","GRMZM2G151107","0.0272755458437365"
"GRMZM2G167492","GRMZM2G028129","0.0272498447893838"
"GRMZM2G419267","GRMZM2G052111","0.0272152071207626"
"Bcry","GRMZM2G327199","0.0271004442232838"
"GRMZM2G170351","GRMZM2G081464","0.0270373557702605"
"GRMZM2G109547","GRMZM2G419267","0.0270255583596468"
"GRMZM2G128214","GRMZM2G472945","0.0269664215333387"
"GRMZM2G128214","GRMZM2G031568","0.0269427496803465"
"GRMZM2G174236","GRMZM2G057690","0.0269368757265785"
"GRMZM2G032222","GRMZM2G149230","0.0268889173547253"
"GRMZM2G149442","GRMZM2G082180","0.0268851885016666"
"GRMZM5G856837","GRMZM2G120069","0.0268267327423522"
"GRMZM2G151706","GRMZM2G035592","0.0267215167120911"
"GRMZM2G035592","GRMZM2G131907","0.026662748109094"
"GRMZM2G320298","GRMZM2G072850","0.0265932815243124"
"GRMZM2G377904","GRMZM2G135314","0.0265877808191345"
"GRMZM2G020594","GRMZM2G314546","0.0265662159004805"
"GRMZM2G340807","GRMZM2G375675","0.0265357049939851"
"GRMZM2G088834","GRMZM2G137375","0.0264037056804856"
"GRMZM2G020594","GRMZM2G052111","0.0262523407869238"
"GRMZM2G701389","GRMZM2G037335","0.0262326078132411"
"GRMZM2G166099","GRMZM2G047720","0.026225167282342"
"GRMZM2G108457","GRMZM2G394237","0.0261966765175122"
"GRMZM2G151706","GRMZM2G174236","0.0261768619460586"
"GRMZM2G067350","GRMZM2G042506","0.0261657391349322"
"GRMZM5G854880","GRMZM2G089565","0.0261523091304709"
"GRMZM2G036409","GRMZM2G174621","0.026100475421813"
"GRMZM2G137375","GRMZM2G314546","0.026079583968669"
"GRMZM2G108457","GRMZM2G021514","0.0260765604061221"
"GRMZM2G072850","GRMZM2G081464","0.0260658635543815"
"GRMZM2G429899","GRMZM2G042506","0.0260016759979932"
"GRMZM2G172794","GRMZM2G135314","0.0260014680923531"
"GRMZM2G012966","AC203754.4_FG008","0.0259666667913349"
"GRMZM2G089491","GRMZM5G871419","0.0259438516922482"
"GRMZM2G089491","GRMZM2G137375","0.0258728257785944"
"GRMZM2G036409","GRMZM2G472945","0.0258474363667135"
"Bcry","GRMZM2G377904","0.0258133601966737"
"GRMZM2G012966","GRMZM2G052111","0.0257668249923953"
"GRMZM2G301208","GRMZM2G042516","0.0257523884419439"
"GRMZM2G088919","GRMZM2G314546","0.0257407599811491"
"GRMZM2G042516","GRMZM2G072850","0.0257001358585783"
"GRMZM2G104955","GRMZM2G037335","0.0256781510759084"
"GRMZM2G137375","GRMZM2G170727","0.0256543372674538"
"GRMZM2G107609","GRMZM2G477340","0.0255395747406418"
"GRMZM2G101938","GRMZM2G151107","0.0255292768248047"
"GRMZM2G082180","GRMZM2G429899","0.0255169571462432"
"GRMZM2G035592","GRMZM2G174236","0.0254974180947106"
"GRMZM2G377904","GRMZM2G170727","0.0254373834955634"
"GRMZM2G362281","GRMZM2G031568","0.0254290744315545"
"GRMZM2G100727","GRMZM2G167492","0.0254211526629913"
"GRMZM2G377904","GRMZM2G301208","0.0254154810439115"
"GRMZM2G151107","GRMZM2G120069","0.0253805939342985"
"GRMZM2G460861","GRMZM2G157481","0.0253219112483186"
"GRMZM2G037335","GRMZM2G089565","0.0252830510103392"
"GRMZM2G037335","GRMZM2G131907","0.0252782209257939"
"GRMZM2G419267","GRMZM2G072850","0.0252491874941531"
"GRMZM2G082180","GRMZM2G128214","0.0252285302862298"
"GRMZM2G147145","GRMZM2G089565","0.0252145770463679"
"GRMZM2G701389","GRMZM2G438438","0.0252056410995349"
"GRMZM2G012966","GRMZM2G128214","0.0251523029660942"
"GRMZM2G100727","GRMZM2G109959","0.0250542552097504"
"GRMZM2G047720","GRMZM2G362281","0.0249444442792408"
"GRMZM2G152373","GRMZM2G089491","0.0249287301828429"
"AC","GRMZM2G172794","0.024910393831815"
"GRMZM2G109547","GRMZM2G327199","0.0248414434975054"
"GRMZM2G419267","GRMZM2G477340","0.0248105849562377"
"GRMZM2G174236","GRMZM2G081464","0.0248068182282678"
"GRMZM2G035592","GRMZM2G108919","0.0247497360373065"
"GRMZM2G701389","GRMZM2G375675","0.0247328980007007"
"GRMZM2G012966","GRMZM2G314546","0.0247048733339551"
"GRMZM2G037335","GRMZM2G089491","0.0246872788536799"
"GRMZM2G340807","GRMZM2G072850","0.0246512458505664"
"GRMZM2G170742","GRMZM2G047720","0.0245699748009651"
"GRMZM2G031568","GRMZM2G042488","0.0245525400384649"
"GRMZM2G438438","GRMZM2G057690","0.0245378879371004"
"GRMZM2G147145","GRMZM5G871419","0.0245355648898661"
"GRMZM2G472945","GRMZM2G126812","0.024523161575141"
"GRMZM2G104955","GRMZM2G174949","0.0245008977665636"
"GRMZM2G154078","GRMZM2G120069","0.0244412718111458"
"GRMZM2G082180","GRMZM2G174949","0.0244372778277713"
"GRMZM2G088834","GRMZM2G377904","0.0243745458635711"
"GRMZM2G108919","GRMZM2G089491","0.0243349432256913"
"GRMZM2G035592","GRMZM2G174621","0.024317267741253"
"GRMZM2G101938","GRMZM2G513713","0.0242713692997234"
"GRMZM2G460861","GRMZM2G301208","0.0242337610332118"
"GRMZM2G472945","GRMZM2G137375","0.0241356108704997"
"AC203754.4_FG008","GRMZM2G135314","0.0240640685491571"
"GRMZM2G042516","GRMZM2G120069","0.0238974930162079"
"GRMZM2G108457","GRMZM2G174236","0.0238944045645615"
"GRMZM5G838420","GRMZM2G017678","0.0238775663633666"
"GRMZM2G177169","GRMZM2G052111","0.0238242015294117"
"GRMZM2G174621","GRMZM2G375675","0.0236873133856699"
"GRMZM2G128214","GRMZM2G174949","0.0236817234416603"
"GRMZM2G102779","GRMZM2G152373","0.0236777697325601"
"GRMZM2G101938","GRMZM2G042516","0.0236566469650071"
"GRMZM2G167492","GRMZM2G042506","0.0236401655565262"
"GRMZM2G301208","GRMZM2G068575","0.0236369125649975"
"LUT","GRMZM2G109959","0.0235832140439746"
"GRMZM2G152135","GRMZM2G174621","0.0235352206972559"
"GRMZM2G472945","GRMZM2G052111","0.0235198742209748"
"GRMZM2G172794","GRMZM2G109959","0.0234758739107359"
"AC203754.4_FG008","GRMZM2G021514","0.0234479559337338"
"GRMZM2G037335","GRMZM2G154460","0.0234361318977446"
"GRMZM2G429899","GRMZM2G109547","0.0234355838894581"
"GRMZM2G109547","GRMZM2G167492","0.0234354697900879"
"GRMZM2G394237","GRMZM2G012498","0.0234299512846505"
"GRMZM2G031568","GRMZM2G028129","0.0234135899019113"
"GRMZM2G035592","GRMZM2G017678","0.0233503025860787"
"GRMZM2G010353","GRMZM2G177169","0.0233281371195676"
"GRMZM2G300348","GRMZM2G037335","0.0233167116098026"
"GRMZM2G035592","GRMZM2G107609","0.0232986918360479"
"GRMZM2G377904","GRMZM2G152373","0.0232674147268396"
"GRMZM2G088834","GRMZM2G010353","0.023267069942709"
"GRMZM2G021433","GRMZM2G120069","0.0232433390927854"
"GRMZM2G362281","GRMZM2G377904","0.0232225450917686"
"GRMZM2G301885","GRMZM2G042516","0.0231874949010257"
"GRMZM2G102779","GRMZM2G320298","0.0231506164900737"
"GRMZM2G701389","GRMZM2G101938","0.0231011934652151"
"GRMZM2G047720","GRMZM2G089565","0.0230326677197425"
"GRMZM2G151706","GRMZM2G101938","0.0230289048265851"
"GRMZM2G128214","GRMZM2G057690","0.0230171946725747"
"GRMZM2G362281","GRMZM2G116881","0.0229993981453644"
"GRMZM2G075502","GRMZM2G170727","0.0229414360870685"
"GRMZM2G032222","AC203754.4_FG008","0.0228305273769499"
"GRMZM2G569903","AC208559.3_FG003","0.0228103241852821"
"GRMZM2G109547","GRMZM2G101938","0.0227818947149746"
"GRMZM2G131907","GRMZM5G854880","0.0226044956063857"
"GRMZM2G149230","GRMZM2G170351","0.0225847340539787"
"GRMZM2G037335","GRMZM2G071270","0.0224924321373332"
"GRMZM2G149442","GRMZM2G072850","0.0224890686560612"
"Bcry","GRMZM2G102779","0.0224085692847465"
"GRMZM2G472945","GRMZM2G174949","0.0223984045043283"
"GRMZM2G102779","GRMZM2G472945","0.0223766814028214"
"GRMZM2G082180","AC208559.3_FG003","0.0223644943200858"
"GRMZM2G167492","GRMZM2G072850","0.0223387173527017"
"GRMZM2G149230","GRMZM5G854880","0.0223133630211379"
"ZEA","GRMZM2G021433","0.0222933707146008"
"GRMZM2G377904","GRMZM2G035592","0.0222675542820875"
"BC","GRMZM2G131907","0.0222666371294815"
"GRMZM2G149442","GRMZM2G375675","0.0222573679156042"
"AC208559.3_FG003","GRMZM2G021514","0.0222531427279927"
"Bcry","GRMZM2G089565","0.022222161092796"
"GRMZM2G082180","GRMZM2G037335","0.0222017037422935"
"GRMZM2G032222","GRMZM2G042506","0.0221786389639995"
"GRMZM2G154460","GRMZM2G057690","0.0220936404931474"
"GRMZM2G131907","GRMZM2G375675","0.0220191995524123"
"GRMZM2G154460","GRMZM2G174860","0.0219715010444125"
"GRMZM2G088834","GRMZM2G170727","0.021924431999855"
"GRMZM2G394237","GRMZM2G314546","0.021908434151987"
"GRMZM2G104955","GRMZM2G089565","0.0218998619347936"
"GRMZM2G147145","GRMZM2G375675","0.0218452502009446"
"GRMZM2G089491","GRMZM2G157481","0.0218212574051181"
"GRMZM2G104955","GRMZM2G042506","0.0218171265549404"
"GRMZM2G701389","AC203754.4_FG008","0.0217994274490874"
"GRMZM2G147145","GRMZM2G170351","0.0217952913176145"
"GRMZM2G116881","GRMZM2G057690","0.0217836494180802"
"GRMZM2G429899","GRMZM2G301208","0.0217738795308957"
"GRMZM2G108457","GRMZM2G107609","0.0216909706878608"
"GRMZM2G331833","GRMZM2G167492","0.0216352868346311"
"GRMZM2G116881","GRMZM2G068575","0.0216043013544654"
"GRMZM2G340807","GRMZM2G137375","0.0215516870343469"
"GRMZM2G175258","GRMZM2G174236","0.0214493079472169"
"BC","GRMZM2G072850","0.0213818574217806"
"GRMZM5G856837","GRMZM2G072850","0.0213620152548168"
"GRMZM5G838420","GRMZM2G057690","0.0213053527977808"
"GRMZM2G109547","GRMZM2G154460","0.0212680895672682"
"GRMZM2G088834","GRMZM2G031568","0.0211858328252031"
"GRMZM5G856837","GRMZM2G021433","0.0211511044621259"
"GRMZM2G072850","GRMZM2G135314","0.0211459474549492"
"GRMZM2G088834","GRMZM2G131907","0.021055521411359"
"GRMZM2G300348","GRMZM2G021514","0.0210288317623038"
"GRMZM2G327199","GRMZM2G154078","0.0210090892536985"
"GRMZM2G419267","GRMZM2G167492","0.0209463860285899"
"GRMZM2G152135","GRMZM2G320298","0.0209194834344366"
"GRMZM2G377904","GRMZM2G477340","0.0208623801659402"
"GRMZM2G154078","GRMZM2G151107","0.020856262972867"
"GRMZM2G104955","GRMZM2G082180","0.0208510281305616"
"GRMZM2G020594","GRMZM2G320298","0.0208036568160227"
"GRMZM2G172794","AC208559.3_FG003","0.0208031561577362"
"GRMZM2G067350","GRMZM2G154078","0.0208005701919198"
"GRMZM2G088834","GRMZM5G854880","0.0207982164618776"
"GRMZM2G089565","AC206840.3_FG002","0.020778416603285"
"GRMZM2G301208","GRMZM2G314546","0.0207734337512686"
"GRMZM2G152135","GRMZM2G438438","0.0207492328008492"
"GRMZM2G377904","GRMZM2G174949","0.0207294991356577"
"GRMZM2G089491","GRMZM2G042516","0.0206971773931787"
"GRMZM2G037335","GRMZM2G459432","0.0206856858249459"
"GRMZM2G377904","GRMZM2G042516","0.0206775995629049"
"GRMZM2G701389","GRMZM2G314546","0.0205795978907335"
"GRMZM2G131907","GRMZM2G017678","0.0204976579018909"
"GRMZM2G128214","GRMZM2G021514","0.0204470770452133"
"BC","GRMZM2G167492","0.0204192058242318"
"GRMZM2G174949","GRMZM2G052111","0.0204114620771455"
"GRMZM2G152135","GRMZM2G035592","0.0203933502647336"
"AC","GRMZM2G300348","0.0203891807445256"
"GRMZM5G856837","AC203754.4_FG008","0.0203791885634326"
"GRMZM2G327199","GRMZM5G871419","0.0203691036377276"
"GRMZM2G089491","GRMZM2G120069","0.0203030412820577"
"GRMZM2G300348","GRMZM2G071270","0.0202696416765371"
"GRMZM2G072850","GRMZM2G120069","0.0202649838120546"
"GRMZM2G419267","GRMZM2G089565","0.020221756770131"
"GRMZM2G375675","GRMZM2G068575","0.0201741229624587"
"GRMZM5G854880","GRMZM2G151107","0.020160444656568"
"GRMZM5G856837","GRMZM2G167492","0.0201392459533364"
"GRMZM2G035592","GRMZM5G856837","0.0201207581862386"
"GRMZM2G104955","GRMZM2G149442","0.0201159060194048"
"GRMZM2G036409","GRMZM2G042516","0.0200788801979152"
"GRMZM2G067350","GRMZM5G854880","0.0200274843982841"
"GRMZM2G152135","GRMZM2G089491","0.0199976592924223"
"BC","GRMZM2G120069","0.0199765033391284"
"GRMZM2G010353","GRMZM2G174949","0.0199679062086765"
"GRMZM5G854880","GRMZM2G021433","0.0199656727933308"
"GRMZM2G037335","GRMZM2G331833","0.0199457025449936"
"GRMZM2G082180","GRMZM2G331833","0.0198927227493015"
"GRMZM2G152373","GRMZM2G116881","0.0198600815088335"
"GRMZM5G838420","GRMZM5G871419","0.0198595336417707"
"GRMZM2G116881","GRMZM2G021433","0.0198107160420258"
"GRMZM2G149230","GRMZM2G042488","0.0197158041672778"
"BC","GRMZM2G174860","0.0196953600266047"
"GRMZM2G375675","GRMZM2G042516","0.0196849294336558"
"GRMZM2G067350","GRMZM2G375675","0.0196765889463433"
"GRMZM2G166099","GRMZM2G170351","0.0196763562378066"
"GRMZM2G151706","GRMZM2G174621","0.0196054808312986"
"GRMZM2G320298","GRMZM2G052111","0.0195739007135091"
"GRMZM2G149230","GRMZM2G314546","0.0195718700064241"
"GRMZM2G131907","GRMZM2G513713","0.0195708361823701"
"GRMZM2G101938","AC203754.4_FG008","0.0195475065497864"
"GRMZM2G177866","GRMZM2G142776","0.0195272057668146"
"GRMZM2G152373","GRMZM2G154078","0.0195230180089237"
"GRMZM5G838420","GRMZM2G052111","0.0195216756349108"
"GRMZM2G108457","GRMZM2G701389","0.0195013127960955"
"GRMZM2G088834","GRMZM2G102779","0.0194991033633809"
"GRMZM2G010353","GRMZM2G017678","0.0193752175891867"
"GRMZM2G701389","GRMZM2G131907","0.0193714595000027"
"GRMZM2G314546","GRMZM2G021514","0.0193325770156341"
"GRMZM2G102779","GRMZM2G036409","0.0192992519994789"
"GRMZM2G154460","AC203754.4_FG008","0.0192934997853016"
"GRMZM2G154078","GRMZM2G072850","0.0192921093101939"
"GRMZM2G108457","GRMZM2G089565","0.0192435854930011"
"AC","GRMZM2G310362","0.0192051605160336"
"GRMZM2G340807","GRMZM5G856837","0.0191829352390527"
"GRMZM5G856837","GRMZM2G028129","0.0191824732525829"
"GRMZM2G010353","GRMZM2G477340","0.0191820881449751"
"GRMZM2G088834","GRMZM2G068575","0.019181279014951"
"GRMZM2G174949","AC208559.3_FG003","0.0191193405868983"
"GRMZM2G031568","GRMZM2G327199","0.0190885115461533"
"GRMZM2G301208","GRMZM2G513713","0.019082710759913"
"GRMZM5G838420","GRMZM2G172794","0.0190724998524024"
"GRMZM2G071270","GRMZM5G864903","0.0190610942010652"
"GRMZM2G035592","GRMZM2G154460","0.0190229817478875"
"GRMZM2G459432","GRMZM2G375675","0.0190066489919703"
"GRMZM2G088834","GRMZM2G107609","0.0189965877413199"
"GRMZM2G429899","GRMZM2G147145","0.0189570796126752"
"GRMZM2G327199","GRMZM2G120069","0.0189447477656669"
"GRMZM2G102779","GRMZM2G419267","0.0189212845847494"
"GRMZM2G037335","AC208559.3_FG003","0.0189163208303758"
"GRMZM2G149230","GRMZM2G174236","0.0188661303006598"
"GRMZM2G170727","AC206840.3_FG002","0.0188643419539856"
"GRMZM2G569903","GRMZM5G864903","0.0188358645241023"
"GRMZM2G154460","GRMZM2G157481","0.0188354916985436"
"GRMZM2G109547","GRMZM2G438438","0.0188258263589604"
"GRMZM2G137375","GRMZM2G157481","0.0188246752560766"
"GRMZM2G419267","GRMZM2G031568","0.0188192505376101"
"GRMZM2G151706","GRMZM2G042516","0.0188172288877145"
"GRMZM2G149230","GRMZM2G010353","0.0188119947019734"
"GRMZM2G067350","GRMZM2G320298","0.0188080254967364"
"GRMZM2G082180","GRMZM2G089565","0.0187614605028744"
"GRMZM2G108457","GRMZM5G838420","0.0187285002934243"
"GRMZM2G172794","GRMZM2G320298","0.0187278442649434"
"GRMZM2G340807","GRMZM2G314546","0.0187004425266354"
"GRMZM2G067350","GRMZM2G327199","0.0186728535406946"
"GRMZM2G301208","GRMZM2G135314","0.0186592451972935"
"GRMZM2G154460","GRMZM2G089491","0.018653166450124"
"GRMZM2G089491","GRMZM2G068575","0.0186359741960447"
"GRMZM5G838420","GRMZM2G072850","0.0186025453236793"
"GRMZM2G037335","GRMZM2G101938","0.0185883034072929"
"GRMZM5G838420","GRMZM2G477340","0.0185852756929261"
"GRMZM2G032222","GRMZM2G089491","0.0185809952306958"
"GRMZM2G147145","GRMZM2G135314","0.0185797680904085"
"GRMZM2G310362","GRMZM2G172794","0.0185793071568749"
"GRMZM2G082180","GRMZM2G135314","0.0185583292493435"
"GRMZM2G108457","GRMZM2G477340","0.0185500341065257"
"GRMZM2G021514","GRMZM2G042506","0.0185482065775895"
"GRMZM2G154460","GRMZM2G052111","0.0185350467099165"
"GRMZM2G032222","GRMZM2G472945","0.0185117213256159"
"GRMZM2G108457","GRMZM2G149230","0.018479536595213"
"GRMZM2G010353","AC203754.4_FG008","0.018456720554344"
"GRMZM2G047720","GRMZM2G021433","0.0184491622035396"
"GRMZM2G128214","GRMZM2G028252","0.0183821443503045"
"GRMZM2G071270","AC203754.4_FG008","0.0183651199772614"
"GRMZM2G036409","GRMZM2G017678","0.0183525065772576"
"GRMZM2G032222","GRMZM2G327199","0.0183348356014391"
"GRMZM2G128214","GRMZM2G010353","0.0183045590862367"
"GRMZM2G137375","GRMZM2G320298","0.0182808031116566"
"GRMZM2G154460","GRMZM2G116881","0.0182742856846652"
"GRMZM2G104955","GRMZM5G856837","0.0182398826530704"
"GRMZM2G320298","GRMZM2G167492","0.0182297163585497"
"GRMZM2G459432","GRMZM5G881088","0.0182216651341119"
"GRMZM2G012966","GRMZM2G157481","0.0181810777344936"
"GRMZM2G035592","GRMZM2G042516","0.0181529788787483"
"GRMZM2G109547","GRMZM2G120069","0.0181489825004134"
"GRMZM5G856837","GRMZM2G089491","0.018126581230465"
"GRMZM5G856837","GRMZM2G170727","0.0180754651651357"
"GRMZM2G108919","AC203754.4_FG008","0.018062559932747"
"GRMZM2G394237","GRMZM2G375675","0.0180256314342378"
"GRMZM2G104955","GRMZM2G128214","0.0180089965858356"
"GRMZM2G036409","GRMZM2G301885","0.0179975898841289"
"GRMZM2G147145","GRMZM2G042488","0.0179611053925065"
"GRMZM2G082180","GRMZM2G477340","0.0179459447980208"
"GRMZM2G108457","GRMZM2G052111","0.017925664970252"
"GRMZM2G037335","GRMZM2G108919","0.0178566361210258"
"GRMZM5G871419","GRMZM2G021514","0.0178082132876758"
"GRMZM2G032222","GRMZM2G071270","0.0177952278029533"
"GRMZM2G149230","GRMZM2G327199","0.0177840719735578"
"GRMZM2G102779","GRMZM2G072850","0.0177469837123574"
"GRMZM2G174236","AC206840.3_FG002","0.0177389610008971"
"GRMZM2G108457","GRMZM2G012498","0.0176856729727689"
"GRMZM2G177169","GRMZM2G057690","0.017669163405031"
"GRMZM2G152447","GRMZM2G429899","0.017659914763599"
"GRMZM2G102779","GRMZM2G057690","0.0176274222103851"
"GRMZM2G314546","GRMZM2G052111","0.0175798434580495"
"GRMZM2G175258","GRMZM2G314546","0.0175441374224542"
"GRMZM2G037335","GRMZM2G021514","0.0175441345501828"
"GRMZM2G149442","GRMZM2G135314","0.0175291844915334"
"GRMZM2G174621","GRMZM2G177169","0.0175224456515576"
"GRMZM2G429899","GRMZM2G052111","0.0175144733013942"
"AC203754.4_FG008","GRMZM2G012498","0.01747058608794"
"GRMZM2G104955","GRMZM2G152447","0.0174452083779335"
"GRMZM2G147145","GRMZM2G021433","0.0174309719324795"
"GRMZM2G020594","GRMZM2G081464","0.0174295489380618"
"GRMZM2G300348","GRMZM2G154460","0.0174174184634404"
"GRMZM2G340807","GRMZM2G042516","0.0174117334616419"
"GRMZM2G089491","GRMZM2G174621","0.0174010854803494"
"GRMZM2G472945","GRMZM2G068575","0.0173628795112433"
"GRMZM2G067350","GRMZM2G147145","0.0173547850502241"
"GRMZM2G175258","AC203754.4_FG008","0.0173388552179423"
"GRMZM2G102779","GRMZM2G154460","0.0173342469629732"
"GRMZM2G301208","GRMZM2G072850","0.0173312936693787"
"GRMZM2G104955","GRMZM2G067350","0.0172937718411233"
"GRMZM2G101938","GRMZM2G170727","0.0172886071084913"
"LUT","GRMZM2G135314","0.0172840766226484"
"GRMZM2G301208","GRMZM2G375675","0.0172714770692042"
"GRMZM2G310362","GRMZM2G108919","0.017236598298083"
"AC","GRMZM5G881088","0.0172187976314519"
"GRMZM2G088834","GRMZM2G109547","0.0172047544294587"
"GRMZM2G149230","GRMZM2G340807","0.0171976271366605"
"GRMZM2G071270","GRMZM2G314546","0.017188821866937"
"GRMZM2G101938","GRMZM2G057690","0.0171507160321736"
"Bcry","GRMZM2G012966","0.0171337294709168"
"BC","GRMZM2G327199","0.0171146491027041"
"GRMZM2G149230","GRMZM2G109547","0.0171087477530601"
"GRMZM2G088834","GRMZM2G340807","0.0170939811325867"
"GRMZM2G131907","GRMZM2G042506","0.0170731315210064"
"GRMZM2G108919","GRMZM2G021514","0.0170091376819062"
"GRMZM2G037335","GRMZM2G126812","0.0170002844656499"
"GRMZM2G477340","GRMZM2G068575","0.0169478622613919"
"GRMZM2G377904","GRMZM2G137375","0.0169358014431524"
"GRMZM2G174236","GRMZM2G170727","0.0169354220729315"
"GRMZM2G300348","GRMZM2G047720","0.0169135465287387"
"GRMZM2G104955","GRMZM2G021514","0.0168728591017025"
"GRMZM2G166099","GRMZM2G071270","0.0168664723856917"
"GRMZM2G340807","GRMZM2G120069","0.016847510445156"
"GRMZM2G157481","GRMZM2G042516","0.0167343634181996"
"GRMZM2G131907","GRMZM2G057690","0.0166578469635833"
"ZEA","GRMZM5G854880","0.0166564330755183"
"GRMZM2G108457","GRMZM2G147145","0.0166546319102919"
"GRMZM2G028129","GRMZM2G072850","0.0166449782175268"
"GRMZM2G032222","GRMZM2G128214","0.0166362642473369"
"GRMZM5G854880","GRMZM5G856837","0.0166045289420501"
"Bcry","GRMZM2G088919","0.0166001045656875"
"GRMZM2G031568","GRMZM2G154078","0.0165982536948974"
"GRMZM2G340807","GRMZM2G170727","0.0165875215889267"
"GRMZM2G174621","GRMZM2G042516","0.0165322537501233"
"GRMZM2G101938","GRMZM2G314546","0.0165115898680772"
"GRMZM2G154460","GRMZM2G028129","0.0164894421358124"
"GRMZM2G010353","GRMZM2G109547","0.0164745422828551"
"GRMZM2G047720","GRMZM2G172794","0.0164677937967575"
"LUT","GRMZM2G157481","0.0164571278534962"
"GRMZM2G036409","GRMZM2G152373","0.0164447732950594"
"GRMZM2G108457","GRMZM2G067350","0.0164297214711911"
"GRMZM2G047720","GRMZM2G170351","0.0164129463102254"
"GRMZM2G151107","GRMZM2G042516","0.0164071755175027"
"GRMZM2G108919","GRMZM2G152373","0.0164026071861205"
"GRMZM2G149442","GRMZM2G128214","0.0163662615509647"
"GRMZM2G088834","GRMZM2G057690","0.0163656947219693"
"GRMZM2G149442","GRMZM2G109959","0.0163284670930583"
"GRMZM2G116881","AC206840.3_FG002","0.0163270373426989"
"GRMZM2G310362","GRMZM2G012498","0.0162996636295611"
"GRMZM2G172794","GRMZM2G089565","0.0162808541142458"
"GRMZM2G170742","GRMZM2G170727","0.0162551058459406"
"GRMZM2G701389","GRMZM2G072850","0.0162524242582656"
"GRMZM2G067350","GRMZM2G314546","0.0162432356410103"
"GRMZM5G838420","GRMZM2G152373","0.0162398446851881"
"GRMZM2G082180","GRMZM2G102779","0.0162394579956085"
"GRMZM2G149230","GRMZM2G036409","0.0162248818302585"
"GRMZM2G067350","GRMZM2G042488","0.0161568143420345"
"GRMZM2G151706","GRMZM2G107609","0.0161469358601043"
"GRMZM2G101938","GRMZM2G135314","0.0161368303902899"
"GRMZM2G154460","GRMZM2G042516","0.0161360084307847"
"GRMZM2G154460","GRMZM5G856837","0.0161235017800869"
"GRMZM2G152135","GRMZM2G042516","0.0161063143141301"
"GRMZM2G037335","GRMZM2G472945","0.0160937265132739"
"GRMZM2G088919","GRMZM2G137375","0.0160652814894161"
"AC208559.3_FG003","GRMZM2G057690","0.0160583980555333"
"GRMZM2G102779","GRMZM2G052111","0.0160226793452872"
"GRMZM2G472945","GRMZM2G012498","0.0160154855036206"
"GRMZM2G154460","GRMZM2G042488","0.0159909340047251"
"AC206840.3_FG002","GRMZM2G135314","0.0159507861690791"
"GRMZM2G152135","GRMZM2G102779","0.0159199263441432"
"LUT","GRMZM2G071270","0.0159171932943699"
"GRMZM2G036409","GRMZM2G068575","0.015904497960572"
"GRMZM2G012966","GRMZM2G131907","0.0158979690721149"
"GRMZM2G419267","AC203754.4_FG008","0.0158571425061471"
"GRMZM2G020594","GRMZM2G108919","0.0158452751733994"
"GRMZM2G137375","GRMZM2G057690","0.0157956647549061"
"GRMZM2G472945","GRMZM5G856837","0.0157900979424303"
"GRMZM2G067350","GRMZM2G031568","0.0157858639919462"
"GRMZM2G102779","GRMZM2G010353","0.015780727379433"
"GRMZM2G031568","GRMZM2G021433","0.0157806729602477"
"GRMZM2G175258","GRMZM2G429899","0.0157718074057326"
"GRMZM2G057690","GRMZM2G068575","0.0157646099121245"
"GRMZM2G472945","GRMZM2G174236","0.0157579618205727"
"GRMZM2G036409","GRMZM2G142776","0.0157555523926907"
"GRMZM2G327199","GRMZM2G151107","0.0157507007065485"
"GRMZM2G460861","GRMZM2G081464","0.0157474376321091"
"GRMZM2G154460","GRMZM2G177169","0.0157449114849285"
"GRMZM2G088919","GRMZM2G042516","0.015738791879443"
"GRMZM2G102779","GRMZM2G174236","0.0157209736291219"
"GRMZM2G031568","GRMZM2G152373","0.0156994013824649"
"GRMZM2G459432","GRMZM2G301208","0.015692231974077"
"GRMZM2G131907","GRMZM2G167492","0.015687934860612"
"AC203754.4_FG008","GRMZM2G028129","0.0156862169063367"
"GRMZM2G149230","GRMZM2G042506","0.015670953078479"
"GRMZM2G047720","GRMZM2G135314","0.0156272399401477"
"GRMZM2G082180","GRMZM2G010353","0.0156155295695964"
"GRMZM2G088919","GRMZM2G460861","0.0155859722737834"
"GRMZM2G047720","GRMZM2G116881","0.0155838774485873"
"GRMZM2G081464","GRMZM2G120069","0.0155777111313198"
"LUT","GRMZM2G108919","0.0155512404142854"
"GRMZM2G310362","GRMZM2G102779","0.0155024951140733"
"GRMZM2G075502","GRMZM2G174949","0.0154859911215879"
"LUT","Bcry","0.015475026139574"
"GRMZM2G569903","GRMZM2G167492","0.0154729689769306"
"GRMZM2G419267","GRMZM2G177169","0.0154347474273912"
"GRMZM2G375675","GRMZM2G021433","0.0154228663350883"
"ZEA","GRMZM2G429899","0.0154012489531283"
"Bcry","GRMZM2G131907","0.0153713506052162"
"GRMZM2G108457","GRMZM2G170727","0.0153353844815085"
"GRMZM2G331833","AC208559.3_FG003","0.0153036138794818"
"GRMZM2G477340","GRMZM2G072850","0.0152901660299898"
"AC203754.4_FG008","AC206840.3_FG002","0.0152853725485524"
"AC","GRMZM2G135314","0.0152738309557896"
"GRMZM2G071270","GRMZM2G089565","0.0152677050997579"
"GRMZM2G419267","GRMZM2G170351","0.0152257023859272"
"GRMZM2G089491","AC203754.4_FG008","0.015217496045398"
"GRMZM2G128214","GRMZM2G052111","0.0152172126971358"
"GRMZM2G071270","GRMZM2G394237","0.0151995277100619"
"GRMZM2G154460","GRMZM2G137375","0.0151687312823988"
"ZEA","GRMZM2G152135","0.0151495135920652"
"GRMZM2G377904","GRMZM2G020594","0.0151471643062626"
"GRMZM2G460861","GRMZM2G109959","0.0150838718688172"
"GRMZM2G569903","GRMZM2G071270","0.0150762716787374"
"GRMZM2G017678","GRMZM2G057690","0.0150696277750881"
"GRMZM2G108457","GRMZM2G089491","0.0150689446071159"
"GRMZM2G149230","GRMZM2G116881","0.015027290092958"
"GRMZM2G108919","GRMZM2G174621","0.0150082751876415"
"GRMZM2G472945","AC203754.4_FG008","0.0150045048289554"
"GRMZM2G320298","GRMZM2G042506","0.0150024903653229"
"GRMZM2G151706","GRMZM2G377904","0.0149931101770999"
"GRMZM2G131907","GRMZM2G174949","0.0149925059873418"
"GRMZM2G151706","GRMZM2G513713","0.0149754253477313"
"GRMZM2G107609","GRMZM5G871419","0.0149695482819461"
"GRMZM2G149230","GRMZM2G031568","0.0149264815748406"
"GRMZM2G012966","GRMZM2G071270","0.0149250661277429"
"GRMZM2G151706","GRMZM2G151107","0.0148689400679959"
"GRMZM2G154460","GRMZM2G314546","0.0148671223212301"
"GRMZM2G036409","GRMZM2G131907","0.0148635389226391"
"GRMZM2G152135","GRMZM2G108457","0.0148434618575598"
"GRMZM2G300348","GRMZM2G109959","0.0148096772937004"
"GRMZM2G460861","GRMZM2G170351","0.0148073821360254"
"GRMZM2G429899","GRMZM2G036409","0.0148022332776544"
"GRMZM2G101938","GRMZM2G109959","0.0147760191503466"
"GRMZM2G088919","GRMZM2G068575","0.0147642820557119"
"GRMZM2G154460","GRMZM2G154078","0.0147638248452163"
"GRMZM2G128214","GRMZM2G089565","0.0147581568816507"
"AC","GRMZM2G101938","0.0147423508295865"
"BC","GRMZM2G088919","0.0147188500180949"
"GRMZM2G152447","GRMZM2G089491","0.0146842629534554"
"GRMZM2G149230","GRMZM2G377904","0.0146835862579433"
"ZEA","GRMZM2G021514","0.0146746598805272"
"GRMZM2G301208","GRMZM2G120069","0.0146597443276341"
"GRMZM2G152373","GRMZM2G017678","0.0146494675892203"
"GRMZM2G701389","GRMZM2G109959","0.0146445554878432"
"GRMZM2G340807","GRMZM2G438438","0.0146326178982823"
"GRMZM2G429899","GRMZM2G152373","0.0146190106662256"
"GRMZM5G838420","GRMZM2G314546","0.0146161722619455"
"GRMZM2G012966","GRMZM2G109547","0.0146139730954786"
"GRMZM5G856837","GRMZM2G174236","0.0145716900251019"
"GRMZM2G327199","GRMZM2G320298","0.01457102980813"
"AC","AC203754.4_FG008","0.0145630227628557"
"GRMZM2G088834","GRMZM2G021433","0.0145576181021174"
"GRMZM2G152373","GRMZM2G042516","0.0145503190819119"
"GRMZM2G082180","GRMZM2G031568","0.0145421069031075"
"GRMZM2G151706","GRMZM2G020594","0.0145197537119066"
"LUT","AC206840.3_FG002","0.0144781151760236"
"GRMZM2G010353","GRMZM2G314546","0.0144489231503144"
"GRMZM2G109959","GRMZM2G012498","0.0144068960993907"
"GRMZM2G107609","GRMZM2G072850","0.0144013245760356"
"GRMZM2G089565","GRMZM2G174949","0.0143781168710345"
"GRMZM2G032222","GRMZM2G031568","0.0143512769954873"
"GRMZM2G151706","GRMZM2G017678","0.014347417842484"
"Bcry","GRMZM2G174860","0.0143429128110613"
"GRMZM2G068575","GRMZM2G072850","0.0143183104647386"
"GRMZM2G152135","GRMZM2G375675","0.0143162614215233"
"GRMZM2G147145","GRMZM2G101938","0.0143023993771333"
"GRMZM2G175258","GRMZM2G107609","0.0142912982759141"
"GRMZM2G089491","GRMZM2G116881","0.0142445030871634"
"GRMZM2G459432","AC203754.4_FG008","0.0142395147872422"
"GRMZM2G102779","GRMZM2G020594","0.0142359659257248"
"GRMZM2G170351","GRMZM2G477340","0.0142264163365977"
"GRMZM2G152447","GRMZM2G152373","0.0141633724551721"
"GRMZM2G126812","GRMZM2G068575","0.0141198589045699"
"GRMZM2G067350","GRMZM2G419267","0.0141127967140007"
"GRMZM2G170742","GRMZM2G172794","0.0141068614578792"
"GRMZM2G331833","GRMZM2G327199","0.0141035733699046"
"GRMZM2G137375","GRMZM2G021433","0.0140992282669441"
"LUT","GRMZM5G838420","0.0140899144639369"
"AC","GRMZM2G089565","0.0140879800504396"
"GRMZM2G340807","GRMZM2G135314","0.0140877660600502"
"GRMZM2G394237","GRMZM2G089565","0.0140829191903716"
"GRMZM2G327199","GRMZM2G028129","0.0140600241822305"
"GRMZM2G362281","GRMZM2G157481","0.0140590138419908"
"GRMZM2G174621","GRMZM2G170351","0.0140563520749539"
"GRMZM2G331833","GRMZM2G174949","0.0140347429605829"
"GRMZM2G154460","GRMZM2G174621","0.014012163558357"
"GRMZM2G175258","GRMZM2G032222","0.0139999498146247"
"GRMZM2G394237","GRMZM2G320298","0.0139938726005791"
"GRMZM2G154460","GRMZM2G375675","0.0139843941559036"
"GRMZM2G362281","GRMZM2G068575","0.0139549854746623"
"GRMZM2G174236","GRMZM2G513713","0.0139518558370677"
"GRMZM5G856837","GRMZM2G327199","0.0139439236475462"
"GRMZM2G100727","GRMZM2G170351","0.0138980655987245"
"GRMZM2G340807","GRMZM2G021433","0.013886178577584"
"GRMZM2G154078","GRMZM2G126812","0.0138772529847531"
"GRMZM2G109547","GRMZM2G031568","0.0138606009443419"
"GRMZM2G149230","GRMZM2G174621","0.0138431175121207"
"GRMZM5G856837","GRMZM2G057690","0.0138402983344268"
"AC","GRMZM2G012966","0.0138305116268353"
"GRMZM2G149442","GRMZM2G052111","0.0138097075360938"
"GRMZM2G460861","GRMZM2G068575","0.013767558016264"
"GRMZM2G109547","GRMZM2G513713","0.0137516262184906"
"Bcry","GRMZM2G072850","0.0137310347048063"
"GRMZM2G109547","GRMZM2G151107","0.0137251254772378"
"GRMZM2G071270","GRMZM2G375675","0.0137188639349399"
"GRMZM2G331833","GRMZM5G871419","0.0137072264718751"
"GRMZM5G838420","GRMZM2G151107","0.0137053465032574"
"GRMZM2G477340","GRMZM2G028252","0.0136958273969567"
"GRMZM2G088834","GRMZM2G120069","0.0136658837167044"
"GRMZM2G052111","GRMZM2G081464","0.0136645483928043"
"GRMZM2G107609","AC208559.3_FG003","0.0136387672334698"
"GRMZM2G067350","GRMZM5G856837","0.013633636591734"
"GRMZM2G477340","AC208559.3_FG003","0.0136058013518857"
"GRMZM2G300348","GRMZM2G310362","0.0135986508456634"
"GRMZM2G017678","GRMZM2G052111","0.0135782114789728"
"GRMZM2G477340","GRMZM2G174949","0.0135720663182926"
"GRMZM2G082180","GRMZM2G017678","0.013557885151173"
"GRMZM2G071270","GRMZM2G154078","0.0135442024253586"
"GRMZM5G854880","GRMZM2G320298","0.0134989407815053"
"BC","GRMZM2G152135","0.0134977197583655"
"AC","GRMZM2G314546","0.0134958946236698"
"GRMZM2G131907","GRMZM2G042516","0.0134873823695421"
"GRMZM2G300348","GRMZM2G175258","0.0134862463768432"
"GRMZM2G109959","AC203754.4_FG008","0.0134652232476557"
"GRMZM2G152447","GRMZM2G082180","0.0134633919437468"
"GRMZM2G151107","GRMZM2G028252","0.0134450966046763"
"GRMZM2G020594","GRMZM5G838420","0.013432338526342"
"LUT","GRMZM2G089565","0.0134319465612386"
"GRMZM2G101938","GRMZM2G174949","0.0134197685487732"
"GRMZM5G856837","GRMZM2G068575","0.0133958771162979"
"GRMZM2G300348","GRMZM2G100727","0.0133952916613641"
"GRMZM2G035592","GRMZM2G375675","0.0133894929976624"
"GRMZM2G104955","GRMZM2G135314","0.013388902088039"
"GRMZM5G854880","AC208559.3_FG003","0.0133635315389357"
"GRMZM2G036409","GRMZM2G157481","0.0133626431069237"
"GRMZM2G108919","GRMZM2G170351","0.0133491920308969"
"GRMZM2G108457","GRMZM2G131907","0.0133155568626738"
"GRMZM2G340807","GRMZM2G131907","0.0132895048945449"
"GRMZM2G012966","GRMZM2G037335","0.0132872020415844"
"GRMZM2G152135","GRMZM2G177169","0.0132825140891064"
"GRMZM2G088834","GRMZM2G128214","0.0132730977589185"
"GRMZM2G172794","GRMZM2G167492","0.0132671521052474"
"GRMZM2G174860","GRMZM2G042516","0.013219724568369"
"GRMZM2G331833","GRMZM2G068575","0.0132093538139724"
"GRMZM2G067350","GRMZM2G174949","0.0132030465138828"
"GRMZM2G109547","GRMZM5G838420","0.0132016125525936"
"GRMZM5G871419","GRMZM2G477340","0.0131755190411971"
"GRMZM2G067350","GRMZM2G438438","0.0131587371475398"
"LUT","GRMZM2G310362","0.0131505648185337"
"GRMZM2G377904","GRMZM2G174860","0.013148045180394"
"GRMZM2G101938","GRMZM2G375675","0.0131405466445078"
"GRMZM2G301208","GRMZM2G151107","0.013123112412252"
"GRMZM2G170742","GRMZM2G071270","0.0131138271518818"
"GRMZM2G166099","GRMZM5G864903","0.0130965512581141"
"GRMZM2G569903","GRMZM2G701389","0.0130717331246875"
"GRMZM5G854880","GRMZM2G375675","0.0130656615346298"
"GRMZM2G128214","GRMZM2G331833","0.0130057277827649"
"GRMZM2G102779","GRMZM2G081464","0.0129895334652427"
"GRMZM2G419267","AC208559.3_FG003","0.0129790940491414"
"BC","GRMZM2G170742","0.0129789145556066"
"GRMZM2G108919","GRMZM2G131907","0.0129687596089528"
"GRMZM2G108457","GRMZM2G327199","0.0129647520529575"
"GRMZM2G032222","GRMZM2G174949","0.0129528227958857"
"GRMZM2G166099","GRMZM2G042506","0.0129204799396784"
"GRMZM2G149442","AC203754.4_FG008","0.0129203978149734"
"GRMZM2G020594","GRMZM2G157481","0.0129187311462104"
"GRMZM2G101938","GRMZM2G021433","0.0129105402304896"
"GRMZM5G838420","GRMZM2G472945","0.0128761538757846"
"GRMZM2G377904","GRMZM2G031568","0.0128760180075519"
"GRMZM2G152135","GRMZM5G871419","0.0128732564059794"
"GRMZM2G701389","GRMZM2G301208","0.0128684197970252"
"GRMZM2G047720","GRMZM5G838420","0.0128539564233132"
"GRMZM5G838420","GRMZM2G167492","0.0128504109701998"
"GRMZM2G154460","GRMZM5G854880","0.0128190090531709"
"GRMZM2G010353","GRMZM2G052111","0.0128182097911061"
"GRMZM2G031568","GRMZM2G089565","0.0128100154417153"
"GRMZM2G035592","GRMZM2G438438","0.0128096436417058"
"GRMZM2G031568","GRMZM2G081464","0.0127996813434723"
"GRMZM5G854880","AC206840.3_FG002","0.0127924589933595"
"BC","GRMZM2G101938","0.012782604974978"
"GRMZM2G012966","GRMZM2G109959","0.0127730048112491"
"GRMZM2G031568","GRMZM2G101938","0.0127617753242809"
"GRMZM2G419267","GRMZM2G101938","0.0127614882333959"
"GRMZM2G459432","GRMZM2G174949","0.0127409595154105"
"GRMZM5G854880","GRMZM2G042506","0.012740424391611"
"GRMZM2G174621","GRMZM5G871419","0.0127214142799273"
"GRMZM2G088919","GRMZM2G035592","0.0127085591910803"
"GRMZM2G327199","GRMZM2G081464","0.0126990158362226"
"GRMZM2G082180","GRMZM2G042506","0.0126841528215265"
"GRMZM2G377904","GRMZM2G068575","0.0126669135395256"
"GRMZM2G310362","GRMZM2G047720","0.0126598945068659"
"GRMZM2G067350","GRMZM2G028129","0.0126533520219056"
"GRMZM2G088834","GRMZM2G042488","0.0126520897667633"
"GRMZM2G032222","GRMZM2G394237","0.0126460049188155"
"GRMZM2G331833","GRMZM5G854880","0.0126399202614518"
"GRMZM2G109547","GRMZM2G052111","0.0126260193540116"
"GRMZM2G459432","GRMZM2G137375","0.0126125953249227"
"GRMZM2G170742","GRMZM2G109547","0.0126007772984845"
"GRMZM2G177866","GRMZM2G152373","0.0125644999185407"
"GRMZM2G170351","GRMZM2G021514","0.0125609294293115"
"GRMZM2G101938","GRMZM2G137375","0.0125528796661514"
"GRMZM2G102779","GRMZM2G327199","0.0125375590156511"
"GRMZM2G102779","GRMZM2G035592","0.012526404641297"
"GRMZM2G300348","GRMZM2G170351","0.0125068853830571"
"GRMZM2G172794","GRMZM2G042516","0.0124997178702093"
"GRMZM2G167492","GRMZM2G477340","0.0124831672329757"
"AC203754.4_FG008","GRMZM2G068575","0.0124543066866499"
"GRMZM2G107609","GRMZM2G174949","0.0124477307966232"
"GRMZM2G154460","GRMZM2G142776","0.0124357962247104"
"GRMZM2G012966","GRMZM2G429899","0.0124245916834275"
"GRMZM5G871419","GRMZM2G170727","0.012405188743416"
"GRMZM2G057690","GRMZM2G072850","0.0124009656520885"
"GRMZM2G460861","GRMZM2G137375","0.0123994054793361"
"GRMZM2G459432","GRMZM5G871419","0.012387421663697"
"GRMZM2G377904","GRMZM2G126812","0.0123485561523366"
"GRMZM2G088834","GRMZM2G301208","0.0123426156379525"
"GRMZM2G088834","AC208559.3_FG003","0.0123426156379525"
"GRMZM2G109547","GRMZM5G871419","0.0123396019782231"
"GRMZM2G126812","AC203754.4_FG008","0.0123213408539184"
"GRMZM2G362281","GRMZM2G438438","0.0122967529233773"
"GRMZM2G088834","GRMZM2G472945","0.0122607561194162"
"GRMZM2G010353","GRMZM2G042516","0.0122482195813904"
"GRMZM2G082180","GRMZM2G072850","0.0122385508344152"
"GRMZM2G020594","GRMZM2G154460","0.0122308864232435"
"GRMZM2G331833","GRMZM2G170351","0.0122234521912014"
"GRMZM5G854880","GRMZM2G135314","0.0122204749156034"
"GRMZM2G170742","GRMZM2G042516","0.0122189651251841"
"GRMZM2G108919","GRMZM2G068575","0.0122113500327809"
"GRMZM2G036409","GRMZM2G301208","0.012207100238376"
"Bcry","GRMZM2G310362","0.0121921774885599"
"GRMZM2G128214","GRMZM2G172794","0.0121857146196384"
"GRMZM2G152447","GRMZM2G120069","0.012151396309266"
"LUT","ZEA","0.01213537"
"BC","GRMZM2G310362","0.0121287576729064"
"GRMZM5G871419","GRMZM2G042506","0.0121150931846802"
"GRMZM2G394237","AC203754.4_FG008","0.0121107285496354"
"GRMZM2G052111","GRMZM2G057690","0.0120887125919551"
"ZEA","GRMZM2G108919","0.012070019942051"
"GRMZM2G419267","GRMZM2G107609","0.0120682311932008"
"GRMZM2G152135","GRMZM2G037335","0.0120542521781268"
"GRMZM2G010353","GRMZM2G108919","0.0120493401434418"
"GRMZM2G174236","GRMZM2G157481","0.0120491004418"
"GRMZM5G838420","GRMZM2G174236","0.0120413424297129"
"GRMZM2G701389","GRMZM2G320298","0.0120220547864818"
"GRMZM2G438438","GRMZM2G170351","0.0120195749048756"
"GRMZM2G154460","GRMZM5G838420","0.0120135361910862"
"GRMZM2G300348","GRMZM2G459432","0.0120102575807354"
"GRMZM2G036409","GRMZM2G052111","0.0119922166743666"
"GRMZM2G067350","GRMZM2G120069","0.0119819164872997"
"GRMZM2G031568","GRMZM5G854880","0.011973311364765"
"GRMZM2G102779","GRMZM2G167492","0.0119722315848548"
"GRMZM2G377904","GRMZM2G037335","0.0119535403831112"
"GRMZM2G174860","GRMZM2G131907","0.01194050486261"
"GRMZM2G100727","GRMZM2G377904","0.0119356193950918"
"GRMZM2G128214","GRMZM2G174236","0.0119312857246783"
"GRMZM2G102779","GRMZM2G142776","0.0119301289980872"
"GRMZM2G142776","GRMZM5G881088","0.0119301289980872"
"GRMZM2G472945","GRMZM2G170727","0.0119139625526195"
"GRMZM2G102779","GRMZM2G089565","0.0119139558718817"
"GRMZM2G047720","GRMZM2G137375","0.0119036381019702"
"GRMZM2G701389","GRMZM2G035592","0.0119012621994535"
"GRMZM2G152135","GRMZM2G052111","0.0118725566751029"
"GRMZM2G174949","GRMZM2G042516","0.011858125106712"
"GRMZM2G102779","GRMZM5G871419","0.0118534386125911"
"GRMZM2G152373","GRMZM2G120069","0.0118451210273974"
"GRMZM2G089491","GRMZM2G513713","0.0118225442846067"
"GRMZM2G300348","GRMZM2G172794","0.0117974418818168"
"GRMZM2G088834","GRMZM2G151107","0.0117657191155277"
"GRMZM2G394237","GRMZM2G072850","0.0117366143453987"
"GRMZM2G149442","GRMZM2G131907","0.0117114028386435"
"GRMZM2G037335","GRMZM2G419267","0.011674226383347"
"GRMZM2G067350","GRMZM2G377904","0.0116594876292265"
"GRMZM2G101938","GRMZM2G081464","0.0116511934270303"
"GRMZM2G104955","GRMZM2G068575","0.0116506324965908"
"GRMZM2G170351","GRMZM2G052111","0.0116338845841048"
"GRMZM2G108457","GRMZM2G028252","0.0116191556825522"
"GRMZM2G569903","GRMZM2G128214","0.011608937358042"
"GRMZM2G108457","GRMZM2G135314","0.0116074797180536"
"GRMZM2G151706","GRMZM2G102779","0.0116000859616394"
"GRMZM2G152135","GRMZM2G377904","0.0115977066557666"
"GRMZM2G301208","AC203754.4_FG008","0.0115900474685087"
"GRMZM2G314546","AC208559.3_FG003","0.0115786817518234"
"GRMZM2G088834","GRMZM2G028252","0.0115592899285957"
"GRMZM2G104955","GRMZM2G174621","0.0115591983152314"
"GRMZM2G082180","GRMZM2G459432","0.011551060450553"
"GRMZM2G154460","GRMZM2G120069","0.0115300561414783"
"GRMZM2G154078","GRMZM2G477340","0.0115268817286185"
"GRMZM2G151706","GRMZM2G120069","0.0115155778222348"
"GRMZM2G142776","GRMZM2G151107","0.0115119291666774"
"GRMZM5G854880","GRMZM2G042516","0.0114654354813607"
"GRMZM2G109547","GRMZM2G107609","0.0114650205845853"
"GRMZM2G438438","GRMZM2G017678","0.0114642525053669"
"GRMZM2G149230","GRMZM2G429899","0.0114599030163414"
"GRMZM2G128214","AC208559.3_FG003","0.0114553455002778"
"ZEA","GRMZM2G032222","0.0114493109905436"
"GRMZM2G088834","GRMZM2G174860","0.0114375884180917"
"GRMZM2G107609","GRMZM2G151107","0.0114302742768551"
"GRMZM2G174860","GRMZM2G017678","0.0114244998674055"
"GRMZM2G438438","GRMZM2G301208","0.0114127689428681"
"GRMZM2G142776","GRMZM2G320298","0.0113938869967581"
"GRMZM2G166099","GRMZM2G037335","0.0113915128256438"
"GRMZM2G012966","GRMZM2G021514","0.0113913177928731"
"GRMZM2G101938","GRMZM2G320298","0.0113890797967275"
"GRMZM2G377904","GRMZM2G513713","0.0113740590045061"
"GRMZM2G320298","GRMZM2G116881","0.0113693406734163"
"GRMZM2G088834","GRMZM2G152373","0.0113665588753021"
"GRMZM2G012966","GRMZM2G419267","0.0113234216713971"
"GRMZM2G149230","GRMZM2G477340","0.0113230835764417"
"GRMZM2G460861","GRMZM2G394237","0.0113218286800545"
"GRMZM2G075502","GRMZM2G021514","0.0113141068176217"
"GRMZM2G301208","GRMZM2G157481","0.0113105412517823"
"GRMZM2G107609","GRMZM2G177169","0.0113017076783668"
"BC","GRMZM2G042516","0.0112959476272075"
"GRMZM2G088834","GRMZM2G362281","0.0112693706171106"
"GRMZM2G438438","GRMZM2G375675","0.0112684740181976"
"GRMZM2G108457","GRMZM2G042516","0.0112492079979617"
"GRMZM5G854880","GRMZM2G042488","0.0112322971753946"
"GRMZM2G472945","GRMZM2G477340","0.011227266426972"
"AC203754.4_FG008","GRMZM2G042516","0.0112256278928069"
"GRMZM2G067350","GRMZM2G037335","0.0112140086494349"
"GRMZM2G107609","GRMZM2G089491","0.0112014449570014"
"GRMZM2G031568","GRMZM2G301885","0.011179849675677"
"GRMZM2G035592","GRMZM2G177169","0.0111694801974257"
"GRMZM2G116881","GRMZM2G314546","0.011165558510261"
"GRMZM2G300348","GRMZM2G072850","0.0111167019776073"
"GRMZM2G375675","GRMZM2G028129","0.0111076596044498"
"GRMZM2G154460","GRMZM2G068575","0.0111029604362641"
"GRMZM2G128214","GRMZM2G107609","0.0110800822026777"
"GRMZM2G477340","GRMZM2G057690","0.0110792712387876"
"GRMZM2G100727","GRMZM2G021514","0.0110774449169169"
"GRMZM2G331833","GRMZM2G513713","0.0110718249304546"
"GRMZM2G137375","GRMZM2G513713","0.0110697967785631"
"GRMZM2G152135","GRMZM2G042488","0.0110594741128199"
"GRMZM2G067350","GRMZM2G068575","0.0110527209941389"
"GRMZM2G362281","GRMZM2G137375","0.0110511088346077"
"GRMZM2G429899","GRMZM2G028252","0.011046585755418"
"LUT","GRMZM2G149230","0.0110437024623732"
"GRMZM2G177169","GRMZM2G477340","0.0110386910337559"
"GRMZM2G154460","GRMZM2G513713","0.0110169682184916"
"ZEA","GRMZM2G151706","0.0110132221244085"
"GRMZM2G331833","GRMZM2G314546","0.0110123379839165"
"GRMZM2G331833","GRMZM2G042506","0.0110089119941715"
"GRMZM2G174236","AC203754.4_FG008","0.0109783105945701"
"GRMZM2G429899","GRMZM2G340807","0.0109709321575121"
"GRMZM2G075502","GRMZM2G042506","0.0109667508833449"
"GRMZM2G170742","GRMZM2G301208","0.0109581897141195"
"GRMZM5G838420","GRMZM2G028129","0.0109551370715428"
"AC","GRMZM2G152135","0.0109505177350359"
"GRMZM2G151706","GRMZM2G460861","0.0109350055892419"
"GRMZM2G377904","GRMZM2G089565","0.010932983871476"
"Bcry","GRMZM5G871419","0.0109253033594079"
"GRMZM2G047720","GRMZM2G151107","0.0109059044882928"
"GRMZM2G152373","AC206840.3_FG002","0.0108831015125996"
"GRMZM2G152447","GRMZM2G151107","0.010875350024627"
"GRMZM2G460861","GRMZM2G108919","0.0108674035568993"
"GRMZM2G089491","GRMZM2G021433","0.010862526891709"
"GRMZM2G012966","GRMZM5G838420","0.0108599159931066"
"GRMZM2G047720","GRMZM2G071270","0.0108583274970486"
"GRMZM2G088834","GRMZM2G142776","0.0108458364507122"
"GRMZM2G331833","GRMZM2G101938","0.0108431641594633"
"GRMZM2G472945","GRMZM2G320298","0.0108168805218349"
"Bcry","GRMZM2G042506","0.0108005770449089"
"GRMZM2G149230","GRMZM2G513713","0.0107997614331653"
"GRMZM2G021433","GRMZM2G072850","0.0107883976664035"
"GRMZM2G331833","GRMZM2G154078","0.0107860268004857"
"GRMZM2G170742","GRMZM5G871419","0.0107835570611749"
"GRMZM2G152373","GRMZM2G021433","0.0107753597386541"
"GRMZM2G429899","GRMZM2G174236","0.0107750716251733"
"GRMZM2G154460","GRMZM2G135314","0.0107412651902481"
"GRMZM2G157481","AC206840.3_FG002","0.0107392583699556"
"GRMZM2G088919","GRMZM2G375675","0.0107369152801846"
"GRMZM2G147145","AC203754.4_FG008","0.0107257218662186"
"Bcry","GRMZM2G151706","0.010724814723839"
"GRMZM2G174860","GRMZM2G174621","0.0107217551019599"
"GRMZM5G838420","GRMZM2G301885","0.0106973434077993"
"GRMZM2G701389","GRMZM2G172794","0.0106904522649409"
"GRMZM2G151706","GRMZM2G701389","0.0106794539673407"
"GRMZM2G149442","GRMZM2G419267","0.0106794478212157"
"BC","GRMZM2G067350","0.0106753704431063"
"GRMZM2G021514","GRMZM2G072850","0.0106733199625377"
"GRMZM2G035592","AC203754.4_FG008","0.0106663262638442"
"GRMZM2G010353","AC208559.3_FG003","0.0106633289798859"
"GRMZM2G035592","GRMZM2G314546","0.0106517487727813"
"GRMZM2G020594","GRMZM2G035592","0.0106423325812837"
"GRMZM2G340807","GRMZM2G035592","0.0106416214272085"
"GRMZM2G438438","GRMZM2G042516","0.0106378772420976"
"GRMZM2G126812","GRMZM2G028129","0.0106341072638003"
"GRMZM2G088919","GRMZM2G010353","0.0106241162245018"
"GRMZM2G075502","GRMZM2G126812","0.010617749666476"
"GRMZM2G104955","GRMZM2G320298","0.0105959947893616"
"GRMZM2G071270","GRMZM2G012498","0.0105879515868338"
"GRMZM2G149442","GRMZM2G017678","0.0105820626388132"
"GRMZM2G300348","GRMZM2G108919","0.0105762833188483"
"GRMZM2G314546","GRMZM5G881088","0.0105666146395485"
"GRMZM2G131907","AC203754.4_FG008","0.0105418188926218"
"GRMZM2G107609","GRMZM2G116881","0.0105412549049421"
"GRMZM2G108457","GRMZM2G057690","0.0105345408617953"
"GRMZM2G075502","GRMZM2G135314","0.0105305266992559"
"GRMZM2G154460","GRMZM2G167492","0.0105258534998542"
"GRMZM2G149230","GRMZM2G131907","0.0105239857661126"
"GRMZM2G088834","GRMZM2G036409","0.0105217253633877"
"GRMZM2G131907","GRMZM2G081464","0.0105190177060923"
"GRMZM2G071270","GRMZM5G838420","0.0105174388193205"
"GRMZM2G701389","GRMZM2G147145","0.0105125764790226"
"GRMZM2G088834","AC206840.3_FG002","0.0105061705001818"
"GRMZM2G137375","GRMZM2G126812","0.0105028163506033"
"GRMZM2G151706","GRMZM2G157481","0.0104921612241876"
"GRMZM2G419267","GRMZM2G057690","0.0104901692488549"
"GRMZM2G032222","GRMZM2G036409","0.0104894779652594"
"GRMZM5G856837","GRMZM2G135314","0.0104853250912469"
"GRMZM2G101938","GRMZM2G017678","0.0104841595927103"
"GRMZM2G174860","GRMZM2G177169","0.010462341597284"
"BC","GRMZM2G377904","0.0104495382637976"
"GRMZM2G147145","GRMZM2G327199","0.0104382475441502"
"GRMZM2G300348","GRMZM2G154078","0.0104216376191693"
"GRMZM2G102779","AC203754.4_FG008","0.0104203333687195"
"GRMZM2G174236","GRMZM2G477340","0.0104148749332505"
"AC","GRMZM2G175258","0.0104142525435224"
"GRMZM5G854880","GRMZM2G314546","0.0104082378659985"
"GRMZM2G310362","GRMZM2G152447","0.010407411560923"
"GRMZM2G067350","GRMZM2G081464","0.0104059429812784"
"LUT","GRMZM2G177169","0.0103824393173393"
"GRMZM2G459432","GRMZM2G031568","0.0103781856671773"
"BC","GRMZM2G701389","0.0103654651333267"
"GRMZM2G154460","GRMZM2G072850","0.0103538410193619"
"GRMZM5G838420","GRMZM2G177169","0.0103518876331059"
"Bcry","GRMZM2G126812","0.0103435624667732"
"GRMZM2G310362","GRMZM2G174621","0.0103428761555039"
"GRMZM2G067350","GRMZM2G340807","0.0103248764129226"
"GRMZM2G102779","GRMZM2G157481","0.0103243311203151"
"GRMZM2G109547","GRMZM2G477340","0.0103171468970643"
"GRMZM2G020594","GRMZM2G021433","0.0102725348551914"
"GRMZM2G310362","GRMZM2G149230","0.0102670115058726"
"GRMZM2G131907","GRMZM2G327199","0.0102584545261119"
"GRMZM2G037335","GRMZM2G035592","0.0102521499114178"
"GRMZM2G088919","GRMZM2G152373","0.0102506408301983"
"GRMZM2G082180","GRMZM2G020594","0.0102501552140227"
"GRMZM2G108919","GRMZM2G120069","0.0102371906040797"
"GRMZM2G100727","GRMZM2G042516","0.0102178876201421"
"GRMZM2G089491","GRMZM2G135314","0.0102174344250744"
"GRMZM2G177866","GRMZM2G301885","0.0102165182311341"
"BC","GRMZM2G102779","0.0102071009472185"
"GRMZM2G012966","GRMZM5G871419","0.0101916002454773"
"GRMZM2G101938","GRMZM2G089565","0.0101897385808401"
"GRMZM2G088834","GRMZM5G856837","0.0101684944751815"
"GRMZM2G082180","AC203754.4_FG008","0.0101635603121132"
"GRMZM2G170351","GRMZM5G864903","0.0101590383584002"
"GRMZM2G175258","GRMZM2G010353","0.0101483238739705"
"GRMZM2G310362","GRMZM2G320298","0.0101427425969937"
"GRMZM2G152447","GRMZM2G035592","0.0101340557394296"
"GRMZM2G131907","GRMZM2G052111","0.0101236260644501"
"GRMZM2G012966","GRMZM5G864903","0.0101097111917834"
"GRMZM2G089565","GRMZM2G042506","0.010103220319453"
"Bcry","GRMZM2G175258","0.0101024791774306"
"GRMZM2G157481","GRMZM2G135314","0.0100921643849612"
"GRMZM2G010353","GRMZM5G838420","0.0100848033682254"
"GRMZM2G701389","GRMZM2G154460","0.0100814215246944"
"GRMZM2G032222","GRMZM2G362281","0.0100800814332197"
"GRMZM2G149442","GRMZM2G177169","0.0100739762543637"
"GRMZM2G036409","GRMZM5G871419","0.0100686340254367"
"GRMZM2G035592","GRMZM2G072850","0.0100616409654423"
"GRMZM2G340807","GRMZM2G068575","0.0100529954208962"
"GRMZM2G104955","GRMZM2G340807","0.0100512227380212"
"GRMZM2G108919","GRMZM2G174949","0.0100433023714811"
"GRMZM2G037335","GRMZM5G854880","0.0100315728700796"
"GRMZM2G088834","GRMZM2G089491","0.0100251587431824"
"GRMZM2G102779","GRMZM2G126812","0.0100093308154989"
"GRMZM2G032222","GRMZM2G167492","0.0100045428096032"
"GRMZM2G088834","GRMZM2G477340","0.00999683225321638"
