"rules","support","confidence","lift"
"1","{GRMZM2G126812*0} => {GRMZM2G120069*0}",0.158249158249158,0.451923076923077,1.19840315934066
"2","{GRMZM2G126812*0} => {GRMZM2G331833*0}",0.168350168350168,0.480769230769231,1.2309350132626
"3","{GRMZM2G126812*0} => {GRMZM2G068575*0}",0.158249158249158,0.451923076923077,1.15707891246684
"4","{GRMZM2G126812*0} => {GRMZM2G174236*0}",0.158249158249158,0.451923076923077,1.14718934911243
"5","{GRMZM2G126812*0} => {GRMZM2G031568*0}",0.158249158249158,0.451923076923077,1.10017339218159
"6","{GRMZM2G126812*0} => {GRMZM2G108919*0}",0.164983164983165,0.471153846153846,1.16610576923077
"7","{GRMZM2G057690*0} => {GRMZM2G177169*0}",0.161616161616162,0.457142857142857,1.20151706700379
"8","{GRMZM2G057690*0} => {GRMZM2G172794*0}",0.161616161616162,0.457142857142857,1.18062111801242
"9","{GRMZM2G052111*0} => {GRMZM2G375675*0}",0.158249158249158,0.456310679611651,1.18880940214614
"10","{GRMZM2G052111*0} => {GRMZM2G174949*0}",0.171717171717172,0.495145631067961,1.26774355540676
"11","{GRMZM2G052111*0} => {GRMZM5G864903*0}",0.161616161616162,0.466019417475728,1.17294717788382
"12","{GRMZM2G052111*0} => {GRMZM2G170351*0}",0.164983164983165,0.475728155339806,1.20761762509335
"13","{GRMZM2G052111*0} => {GRMZM5G871419*0}",0.164983164983165,0.475728155339806,1.19738357742307
"14","{GRMZM2G052111*0} => {GRMZM2G167492*0}",0.164983164983165,0.475728155339806,1.16769638128861
"15","{GRMZM5G854880*0} => {GRMZM2G102779*0}",0.168350168350168,0.467289719626168,1.26168224299065
"16","{GRMZM2G102779*0} => {GRMZM5G854880*0}",0.168350168350168,0.454545454545455,1.26168224299065
"17","{GRMZM5G854880*0} => {GRMZM2G028129*0}",0.178451178451178,0.495327102803738,1.27923608289313
"18","{GRMZM2G028129*0} => {GRMZM5G854880*0}",0.178451178451178,0.460869565217391,1.27923608289313
"19","{GRMZM5G854880*0} => {GRMZM2G109959*0}",0.164983164983165,0.457943925233645,1.19306443679292
"20","{GRMZM5G854880*0} => {GRMZM2G067350*0}",0.181818181818182,0.504672897196262,1.30337261275904
"21","{GRMZM2G067350*0} => {GRMZM5G854880*0}",0.181818181818182,0.469565217391304,1.30337261275904
"22","{GRMZM5G854880*0} => {GRMZM2G301885*0}",0.164983164983165,0.457943925233645,1.15262157452875
"23","{GRMZM5G854880*0} => {GRMZM2G031568*0}",0.171717171717172,0.476635514018692,1.16033399724222
"24","{GRMZM5G854880*0} => {GRMZM2G167492*0}",0.164983164983165,0.457943925233645,1.12404418011895
"25","{GRMZM2G460861*0} => {GRMZM2G020594*0}",0.175084175084175,0.485981308411215,1.23364485981308
"26","{GRMZM2G460861*0} => {GRMZM2G167492*0}",0.164983164983165,0.457943925233645,1.12404418011895
"27","{GRMZM2G166099*0} => {GRMZM2G047720*0}",0.185185185185185,0.514018691588785,1.36306742323097
"28","{GRMZM2G047720*0} => {GRMZM2G166099*0}",0.185185185185185,0.491071428571429,1.36306742323097
"29","{GRMZM2G166099*0} => {GRMZM2G701389*0}",0.185185185185185,0.514018691588785,1.33915395966552
"30","{GRMZM2G701389*0} => {GRMZM2G166099*0}",0.185185185185185,0.482456140350877,1.33915395966552
"31","{GRMZM2G166099*0} => {GRMZM5G881088*0}",0.171717171717172,0.476635514018692,1.23096302316132
"32","{GRMZM2G166099*0} => {GRMZM5G864903*0}",0.198653198653199,0.551401869158878,1.38785046728972
"33","{GRMZM5G864903*0} => {GRMZM2G166099*0}",0.198653198653199,0.5,1.38785046728972
"34","{GRMZM2G166099*0} => {GRMZM2G174621*0}",0.178451178451178,0.495327102803738,1.22593457943925
"35","{GRMZM2G310362*0} => {GRMZM2G037335*0}",0.168350168350168,0.467289719626168,1.26168224299065
"36","{GRMZM2G037335*0} => {GRMZM2G310362*0}",0.168350168350168,0.454545454545455,1.26168224299065
"37","{GRMZM2G310362*0} => {GRMZM2G151706*0}",0.178451178451178,0.495327102803738,1.32533468047487
"38","{GRMZM2G151706*0} => {GRMZM2G310362*0}",0.178451178451178,0.477477477477477,1.32533468047487
"39","{GRMZM2G310362*0} => {GRMZM2G327199*0}",0.171717171717172,0.476635514018692,1.17967289719626
"40","{AC206840.3_FG002*0} => {GRMZM2G128214*0}",0.168350168350168,0.462962962962963,1.18534482758621
"41","{AC206840.3_FG002*0} => {GRMZM2G314546*0}",0.164983164983165,0.453703703703704,1.19247787610619
"42","{GRMZM2G177866*0} => {GRMZM2G174860*0}",0.168350168350168,0.462962962962963,1.27314814814815
"43","{GRMZM2G174860*0} => {GRMZM2G177866*0}",0.168350168350168,0.462962962962963,1.27314814814815
"44","{GRMZM2G177866*0} => {GRMZM2G170727*0}",0.178451178451178,0.490740740740741,1.28982300884956
"45","{GRMZM2G170727*0} => {GRMZM2G177866*0}",0.178451178451178,0.469026548672566,1.28982300884956
"46","{GRMZM2G177866*0} => {GRMZM2G174236*0}",0.171717171717172,0.472222222222222,1.19871794871795
"47","{GRMZM2G177866*0} => {GRMZM2G327199*0}",0.171717171717172,0.472222222222222,1.16875
"48","{GRMZM2G177866*0} => {GRMZM2G167492*0}",0.164983164983165,0.453703703703704,1.11363636363636
"49","{GRMZM2G429899*0} => {GRMZM2G147145*0}",0.168350168350168,0.467289719626168,1.19642281662907
"50","{GRMZM2G429899*0} => {GRMZM2G149230*0}",0.181818181818182,0.504672897196262,1.29213664195939
"51","{GRMZM2G149230*0} => {GRMZM2G429899*0}",0.181818181818182,0.46551724137931,1.29213664195939
"52","{GRMZM2G429899*0} => {GRMZM2G142776*0}",0.164983164983165,0.457943925233645,1.14293567894447
"53","{GRMZM2G429899*0} => {GRMZM2G020594*0}",0.171717171717172,0.476635514018692,1.20992092020129
"54","{GRMZM2G149442*0} => {GRMZM2G170727*0}",0.168350168350168,0.458715596330275,1.20565072663798
"55","{GRMZM2G149442*0} => {GRMZM2G149230*0}",0.178451178451178,0.486238532110092,1.24493831066118
"56","{GRMZM2G149230*0} => {GRMZM2G149442*0}",0.178451178451178,0.456896551724138,1.24493831066118
"57","{GRMZM2G174860*0} => {GRMZM2G170742*0}",0.164983164983165,0.453703703703704,1.225
"58","{GRMZM2G170742*0} => {GRMZM2G047720*0}",0.188552188552189,0.509090909090909,1.35
"59","{GRMZM2G047720*0} => {GRMZM2G170742*0}",0.188552188552189,0.5,1.35
"60","{GRMZM2G170742*0} => {GRMZM2G071270*0}",0.178451178451178,0.481818181818182,1.27767857142857
"61","{GRMZM2G071270*0} => {GRMZM2G170742*0}",0.178451178451178,0.473214285714286,1.27767857142857
"62","{GRMZM2G170742*0} => {GRMZM2G701389*0}",0.202020202020202,0.545454545454545,1.42105263157895
"63","{GRMZM2G701389*0} => {GRMZM2G170742*0}",0.202020202020202,0.526315789473684,1.42105263157895
"64","{GRMZM2G170742*0} => {GRMZM2G394237*0}",0.171717171717172,0.463636363636364,1.19739130434783
"65","{GRMZM2G170742*0} => {GRMZM5G864903*0}",0.205387205387205,0.554545454545455,1.39576271186441
"66","{GRMZM5G864903*0} => {GRMZM2G170742*0}",0.205387205387205,0.516949152542373,1.39576271186441
"67","{GRMZM2G174860*0} => {AC208559.3_FG003*0}",0.164983164983165,0.453703703703704,1.225
"68","{GRMZM2G174860*0} => {GRMZM2G021433*0}",0.168350168350168,0.462962962962963,1.23873873873874
"69","{GRMZM2G021433*0} => {GRMZM2G174860*0}",0.168350168350168,0.45045045045045,1.23873873873874
"70","{GRMZM2G174860*0} => {GRMZM2G175258*0}",0.168350168350168,0.462962962962963,1.21681415929204
"71","{GRMZM2G174860*0} => {GRMZM2G104955*0}",0.168350168350168,0.462962962962963,1.22767857142857
"72","{GRMZM2G174860*0} => {GRMZM5G864903*0}",0.168350168350168,0.462962962962963,1.16525423728814
"73","{GRMZM2G032222*0} => {GRMZM2G362281*0}",0.171717171717172,0.459459459459459,1.18660399529965
"74","{GRMZM2G032222*0} => {GRMZM2G088834*0}",0.168350168350168,0.45045045045045,1.16333725029377
"75","{GRMZM2G032222*0} => {GRMZM2G067350*0}",0.181818181818182,0.486486486486487,1.25640423031727
"76","{GRMZM2G067350*0} => {GRMZM2G032222*0}",0.181818181818182,0.469565217391304,1.25640423031727
"77","{GRMZM2G032222*0} => {GRMZM2G314546*0}",0.175084175084175,0.468468468468468,1.23128438172686
"78","{GRMZM2G314546*0} => {GRMZM2G032222*0}",0.175084175084175,0.460176991150442,1.23128438172686
"79","{GRMZM2G032222*0} => {GRMZM2G459432*0}",0.175084175084175,0.468468468468468,1.19944082013048
"80","{GRMZM2G032222*0} => {GRMZM2G031568*0}",0.178451178451178,0.477477477477477,1.16238369517058
"81","{GRMZM2G032222*0} => {GRMZM2G089565*0}",0.185185185185185,0.495495495495495,1.23665682489212
"82","{GRMZM2G089565*0} => {GRMZM2G032222*0}",0.185185185185185,0.46218487394958,1.23665682489212
"83","{GRMZM2G047720*0} => {GRMZM2G071270*0}",0.178451178451178,0.473214285714286,1.25486288265306
"84","{GRMZM2G071270*0} => {GRMZM2G047720*0}",0.178451178451178,0.473214285714286,1.25486288265306
"85","{GRMZM2G438438*0} => {GRMZM2G047720*0}",0.168350168350168,0.45045045045045,1.19449806949807
"86","{GRMZM2G047720*0} => {GRMZM2G701389*0}",0.208754208754209,0.553571428571429,1.4421992481203
"87","{GRMZM2G701389*0} => {GRMZM2G047720*0}",0.208754208754209,0.543859649122807,1.4421992481203
"88","{GRMZM2G047720*0} => {GRMZM2G128214*0}",0.175084175084175,0.464285714285714,1.1887315270936
"89","{GRMZM2G047720*0} => {GRMZM2G394237*0}",0.171717171717172,0.455357142857143,1.17600931677019
"90","{GRMZM2G047720*0} => {GRMZM5G864903*0}",0.208754208754209,0.553571428571429,1.39331113801453
"91","{GRMZM5G864903*0} => {GRMZM2G047720*0}",0.208754208754209,0.525423728813559,1.39331113801453
"92","{GRMZM2G047720*0} => {GRMZM2G174236*0}",0.178451178451178,0.473214285714286,1.20123626373626
"93","{GRMZM2G174236*0} => {GRMZM2G047720*0}",0.178451178451178,0.452991452991453,1.20123626373626
"94","{GRMZM2G047720*0} => {GRMZM2G031568*0}",0.175084175084175,0.464285714285714,1.13026932084309
"95","{GRMZM2G154078*0} => {GRMZM2G377904*0}",0.178451178451178,0.481818181818182,1.31284403669725
"96","{GRMZM2G377904*0} => {GRMZM2G154078*0}",0.178451178451178,0.486238532110092,1.31284403669725
"97","{GRMZM2G154078*0} => {GRMZM2G701389*0}",0.168350168350168,0.454545454545455,1.18421052631579
"98","{GRMZM2G154078*0} => {GRMZM2G340807*0}",0.181818181818182,0.490909090909091,1.29026548672566
"99","{GRMZM2G340807*0} => {GRMZM2G154078*0}",0.181818181818182,0.47787610619469,1.29026548672566
"100","{GRMZM2G154078*0} => {GRMZM2G042516*0}",0.175084175084175,0.472727272727273,1.23157894736842
"101","{GRMZM2G042516*0} => {GRMZM2G154078*0}",0.175084175084175,0.456140350877193,1.23157894736842
"102","{GRMZM2G154078*0} => {GRMZM2G137375*0}",0.171717171717172,0.463636363636364,1.21858407079646
"103","{GRMZM2G137375*0} => {GRMZM2G154078*0}",0.171717171717172,0.451327433628319,1.21858407079646
"104","{GRMZM2G154078*0} => {GRMZM2G068575*0}",0.175084175084175,0.472727272727273,1.21034482758621
"105","{GRMZM2G154078*0} => {GRMZM5G856837*0}",0.171717171717172,0.463636363636364,1.20789473684211
"106","{GRMZM2G037335*0} => {GRMZM2G128214*0}",0.191919191919192,0.518181818181818,1.32672413793103
"107","{GRMZM2G128214*0} => {GRMZM2G037335*0}",0.191919191919192,0.491379310344828,1.32672413793103
"108","{GRMZM2G037335*0} => {GRMZM2G314546*0}",0.185185185185185,0.5,1.3141592920354
"109","{GRMZM2G314546*0} => {GRMZM2G037335*0}",0.185185185185185,0.486725663716814,1.3141592920354
"110","{GRMZM2G037335*0} => {AC203754.4_FG008*0}",0.175084175084175,0.472727272727273,1.22086956521739
"111","{AC203754.4_FG008*0} => {GRMZM2G037335*0}",0.175084175084175,0.452173913043478,1.22086956521739
"112","{GRMZM2G037335*0} => {GRMZM5G871419*0}",0.185185185185185,0.5,1.25847457627119
"113","{GRMZM5G871419*0} => {GRMZM2G037335*0}",0.185185185185185,0.466101694915254,1.25847457627119
"114","{GRMZM2G037335*0} => {GRMZM2G089565*0}",0.171717171717172,0.463636363636364,1.15714285714286
"115","{GRMZM2G102779*0} => {GRMZM2G157481*0}",0.171717171717172,0.463636363636364,1.24054054054054
"116","{GRMZM2G157481*0} => {GRMZM2G102779*0}",0.171717171717172,0.459459459459459,1.24054054054054
"117","{GRMZM2G102779*0} => {GRMZM2G320298*0}",0.178451178451178,0.481818181818182,1.27767857142857
"118","{GRMZM2G320298*0} => {GRMZM2G102779*0}",0.178451178451178,0.473214285714286,1.27767857142857
"119","{GRMZM2G102779*0} => {GRMZM5G838420*0}",0.171717171717172,0.463636363636364,1.22946428571429
"120","{GRMZM5G838420*0} => {GRMZM2G102779*0}",0.171717171717172,0.455357142857143,1.22946428571429
"121","{GRMZM2G102779*0} => {GRMZM2G128214*0}",0.168350168350168,0.454545454545455,1.16379310344828
"122","{GRMZM2G102779*0} => {GRMZM2G107609*0}",0.175084175084175,0.472727272727273,1.2
"123","{GRMZM2G102779*0} => {GRMZM2G089565*0}",0.185185185185185,0.5,1.24789915966387
"124","{GRMZM2G089565*0} => {GRMZM2G102779*0}",0.185185185185185,0.46218487394958,1.24789915966387
"125","{AC208559.3_FG003*0} => {GRMZM2G089491*0}",0.168350168350168,0.454545454545455,1.19469026548673
"126","{AC208559.3_FG003*0} => {GRMZM2G010353*0}",0.171717171717172,0.463636363636364,1.20789473684211
"127","{AC208559.3_FG003*0} => {GRMZM2G020594*0}",0.175084175084175,0.472727272727273,1.2
"128","{GRMZM2G362281*0} => {GRMZM2G088919*0}",0.178451178451178,0.460869565217391,1.16989966555184
"129","{GRMZM2G088919*0} => {GRMZM2G362281*0}",0.178451178451178,0.452991452991453,1.16989966555184
"130","{GRMZM2G362281*0} => {GRMZM5G864903*0}",0.178451178451178,0.460869565217391,1.15998526160648
"131","{GRMZM2G362281*0} => {GRMZM2G031568*0}",0.175084175084175,0.452173913043478,1.1007840342124
"132","{GRMZM2G131907*0} => {GRMZM2G301208*0}",0.168350168350168,0.458715596330275,1.23853211009174
"133","{GRMZM2G301208*0} => {GRMZM2G131907*0}",0.168350168350168,0.454545454545455,1.23853211009174
"134","{GRMZM2G131907*0} => {GRMZM2G089491*0}",0.168350168350168,0.458715596330275,1.20565072663798
"135","{GRMZM2G131907*0} => {GRMZM2G028129*0}",0.168350168350168,0.458715596330275,1.18468288791384
"136","{GRMZM2G131907*0} => {GRMZM2G301885*0}",0.178451178451178,0.486238532110092,1.22383766132794
"137","{GRMZM2G131907*0} => {GRMZM2G174236*0}",0.185185185185185,0.504587155963303,1.28087508821454
"138","{GRMZM2G174236*0} => {GRMZM2G131907*0}",0.185185185185185,0.47008547008547,1.28087508821454
"139","{GRMZM2G071270*0} => {GRMZM2G394237*0}",0.181818181818182,0.482142857142857,1.24518633540373
"140","{GRMZM2G394237*0} => {GRMZM2G071270*0}",0.181818181818182,0.469565217391304,1.24518633540373
"141","{GRMZM2G071270*0} => {GRMZM2G012498*0}",0.171717171717172,0.455357142857143,1.18632518796992
"142","{GRMZM2G071270*0} => {GRMZM2G152373*0}",0.171717171717172,0.455357142857143,1.18632518796992
"143","{GRMZM2G071270*0} => {GRMZM2G375675*0}",0.171717171717172,0.455357142857143,1.18632518796992
"144","{GRMZM2G071270*0} => {GRMZM5G864903*0}",0.208754208754209,0.553571428571429,1.39331113801453
"145","{GRMZM5G864903*0} => {GRMZM2G071270*0}",0.208754208754209,0.525423728813559,1.39331113801453
"146","{GRMZM2G071270*0} => {GRMZM2G174621*0}",0.178451178451178,0.473214285714286,1.17120535714286
"147","{GRMZM2G438438*0} => {GRMZM2G021514*0}",0.178451178451178,0.477477477477477,1.2549629275293
"148","{GRMZM2G021514*0} => {GRMZM2G438438*0}",0.178451178451178,0.469026548672566,1.2549629275293
"149","{GRMZM2G438438*0} => {GRMZM2G082180*0}",0.168350168350168,0.45045045045045,1.17354196301565
"150","{GRMZM2G438438*0} => {GRMZM2G028129*0}",0.168350168350168,0.45045045045045,1.16333725029377
"151","{GRMZM2G438438*0} => {GRMZM2G513713*0}",0.168350168350168,0.45045045045045,1.16333725029377
"152","{GRMZM2G438438*0} => {GRMZM2G154460*0}",0.175084175084175,0.468468468468468,1.20987074030552
"153","{GRMZM2G154460*0} => {GRMZM2G438438*0}",0.175084175084175,0.452173913043478,1.20987074030552
"154","{GRMZM2G035592*0} => {GRMZM2G151706*0}",0.164983164983165,0.453703703703704,1.21396396396396
"155","{GRMZM2G151706*0} => {GRMZM2G301208*0}",0.178451178451178,0.477477477477477,1.28918918918919
"156","{GRMZM2G301208*0} => {GRMZM2G151706*0}",0.178451178451178,0.481818181818182,1.28918918918919
"157","{GRMZM2G151706*0} => {GRMZM2G172794*0}",0.168350168350168,0.45045045045045,1.16333725029377
"158","{GRMZM2G151706*0} => {GRMZM2G170727*0}",0.168350168350168,0.45045045045045,1.18392729012198
"159","{GRMZM2G151706*0} => {GRMZM2G513713*0}",0.175084175084175,0.468468468468468,1.20987074030552
"160","{GRMZM2G513713*0} => {GRMZM2G151706*0}",0.175084175084175,0.452173913043478,1.20987074030552
"161","{GRMZM2G151706*0} => {GRMZM2G170351*0}",0.168350168350168,0.45045045045045,1.14345114345114
"162","{GRMZM2G151706*0} => {GRMZM2G101938*0}",0.178451178451178,0.477477477477477,1.20178653229501
"163","{GRMZM2G151706*0} => {GRMZM2G107609*0}",0.168350168350168,0.45045045045045,1.14345114345114
"164","{GRMZM2G151706*0} => {GRMZM5G871419*0}",0.178451178451178,0.477477477477477,1.20178653229501
"165","{GRMZM2G151107*0} => {GRMZM2G081464*0}",0.171717171717172,0.455357142857143,1.15590659340659
"166","{GRMZM2G151107*0} => {GRMZM2G142776*0}",0.171717171717172,0.455357142857143,1.13647959183673
"167","{GRMZM2G021433*0} => {GRMZM5G838420*0}",0.171717171717172,0.459459459459459,1.21838803088803
"168","{GRMZM5G838420*0} => {GRMZM2G021433*0}",0.171717171717172,0.455357142857143,1.21838803088803
"169","{GRMZM2G021433*0} => {GRMZM2G331833*0}",0.168350168350168,0.45045045045045,1.15330848089469
"170","{GRMZM2G021433*0} => {GRMZM2G075502*0}",0.181818181818182,0.486486486486487,1.22446174988548
"171","{GRMZM2G075502*0} => {GRMZM2G021433*0}",0.181818181818182,0.457627118644068,1.22446174988548
"172","{GRMZM2G021433*0} => {GRMZM2G459432*0}",0.168350168350168,0.45045045045045,1.15330848089469
"173","{GRMZM2G021433*0} => {GRMZM2G107609*0}",0.168350168350168,0.45045045045045,1.14345114345114
"174","{GRMZM2G035592*0} => {GRMZM2G017678*0}",0.178451178451178,0.490740740740741,1.30133928571429
"175","{GRMZM2G017678*0} => {GRMZM2G035592*0}",0.178451178451178,0.473214285714286,1.30133928571429
"176","{GRMZM2G035592*0} => {GRMZM2G036409*0}",0.168350168350168,0.462962962962963,1.20614035087719
"177","{GRMZM2G035592*0} => {GRMZM5G856837*0}",0.164983164983165,0.453703703703704,1.18201754385965
"178","{GRMZM2G035592*0} => {GRMZM2G101938*0}",0.191919191919192,0.527777777777778,1.32838983050847
"179","{GRMZM2G101938*0} => {GRMZM2G035592*0}",0.191919191919192,0.483050847457627,1.32838983050847
"180","{GRMZM2G035592*0} => {GRMZM2G327199*0}",0.168350168350168,0.462962962962963,1.14583333333333
"181","{GRMZM2G035592*0} => {GRMZM5G871419*0}",0.168350168350168,0.462962962962963,1.16525423728814
"182","{GRMZM2G035592*0} => {GRMZM2G108919*0}",0.171717171717172,0.472222222222222,1.16875
"183","{GRMZM2G175258*0} => {GRMZM2G472945*0}",0.175084175084175,0.460176991150442,1.22029077117573
"184","{GRMZM2G472945*0} => {GRMZM2G175258*0}",0.175084175084175,0.464285714285714,1.22029077117573
"185","{GRMZM2G175258*0} => {GRMZM5G864903*0}",0.181818181818182,0.47787610619469,1.20278986050697
"186","{GRMZM5G864903*0} => {GRMZM2G175258*0}",0.181818181818182,0.457627118644068,1.20278986050697
"187","{GRMZM2G072850*0} => {GRMZM2G320298*0}",0.171717171717172,0.459459459459459,1.21838803088803
"188","{GRMZM2G320298*0} => {GRMZM2G072850*0}",0.171717171717172,0.455357142857143,1.21838803088803
"189","{GRMZM2G072850*0} => {GRMZM2G109959*0}",0.168350168350168,0.45045045045045,1.17354196301565
"190","{GRMZM2G072850*0} => {GRMZM2G075502*0}",0.171717171717172,0.459459459459459,1.15643609711406
"191","{GRMZM2G072850*0} => {GRMZM2G174949*0}",0.168350168350168,0.45045045045045,1.15330848089469
"192","{GRMZM2G072850*0} => {GRMZM2G314546*0}",0.188552188552189,0.504504504504504,1.32599856493662
"193","{GRMZM2G314546*0} => {GRMZM2G072850*0}",0.188552188552189,0.495575221238938,1.32599856493662
"194","{GRMZM2G072850*0} => {GRMZM2G301885*0}",0.178451178451178,0.477477477477477,1.20178653229501
"195","{GRMZM2G120069*0} => {GRMZM2G174949*0}",0.181818181818182,0.482142857142857,1.23445197044335
"196","{GRMZM2G174949*0} => {GRMZM2G120069*0}",0.181818181818182,0.46551724137931,1.23445197044335
"197","{GRMZM2G377904*0} => {GRMZM2G104955*0}",0.168350168350168,0.458715596330275,1.21641546526868
"198","{GRMZM2G377904*0} => {GRMZM2G340807*0}",0.188552188552189,0.513761467889908,1.35032881383454
"199","{GRMZM2G340807*0} => {GRMZM2G377904*0}",0.188552188552189,0.495575221238938,1.35032881383454
"200","{GRMZM2G377904*0} => {GRMZM2G109959*0}",0.168350168350168,0.458715596330275,1.19507484307098
"201","{GRMZM2G377904*0} => {GRMZM2G331833*0}",0.168350168350168,0.458715596330275,1.17447010439734
"202","{GRMZM2G377904*0} => {GRMZM2G067350*0}",0.171717171717172,0.467889908256881,1.20837654567212
"203","{GRMZM2G377904*0} => {GRMZM2G088919*0}",0.168350168350168,0.458715596330275,1.16443189837685
"204","{GRMZM2G377904*0} => {GRMZM5G856837*0}",0.188552188552189,0.513761467889908,1.3384838242395
"205","{GRMZM5G856837*0} => {GRMZM2G377904*0}",0.188552188552189,0.491228070175439,1.3384838242395
"206","{GRMZM2G377904*0} => {GRMZM2G101938*0}",0.181818181818182,0.495412844036697,1.24692893795677
"207","{GRMZM2G101938*0} => {GRMZM2G377904*0}",0.181818181818182,0.457627118644068,1.24692893795677
"208","{GRMZM2G377904*0} => {GRMZM2G327199*0}",0.181818181818182,0.495412844036697,1.22614678899083
"209","{GRMZM2G327199*0} => {GRMZM2G377904*0}",0.181818181818182,0.45,1.22614678899083
"210","{GRMZM2G377904*0} => {GRMZM5G871419*0}",0.171717171717172,0.467889908256881,1.17765510807028
"211","{GRMZM2G377904*0} => {GRMZM2G089565*0}",0.168350168350168,0.458715596330275,1.14486161437052
"212","{GRMZM2G109547*0} => {GRMZM2G012498*0}",0.168350168350168,0.454545454545455,1.18421052631579
"213","{GRMZM2G109547*0} => {GRMZM2G340807*0}",0.168350168350168,0.454545454545455,1.19469026548673
"214","{GRMZM2G109547*0} => {GRMZM2G010353*0}",0.175084175084175,0.472727272727273,1.23157894736842
"215","{GRMZM2G010353*0} => {GRMZM2G109547*0}",0.175084175084175,0.456140350877193,1.23157894736842
"216","{GRMZM2G109547*0} => {GRMZM2G331833*0}",0.175084175084175,0.472727272727273,1.21034482758621
"217","{GRMZM2G109547*0} => {GRMZM2G067350*0}",0.175084175084175,0.472727272727273,1.22086956521739
"218","{GRMZM2G067350*0} => {GRMZM2G109547*0}",0.175084175084175,0.452173913043478,1.22086956521739
"219","{GRMZM2G109547*0} => {GRMZM5G856837*0}",0.171717171717172,0.463636363636364,1.20789473684211
"220","{GRMZM2G109547*0} => {GRMZM2G107609*0}",0.171717171717172,0.463636363636364,1.17692307692308
"221","{GRMZM2G109547*0} => {GRMZM2G327199*0}",0.175084175084175,0.472727272727273,1.17
"222","{GRMZM2G109547*0} => {GRMZM5G871419*0}",0.168350168350168,0.454545454545455,1.14406779661017
"223","{GRMZM2G109547*0} => {GRMZM2G108919*0}",0.168350168350168,0.454545454545455,1.125
"224","{GRMZM2G100727*0} => {GRMZM2G157481*0}",0.175084175084175,0.464285714285714,1.24227799227799
"225","{GRMZM2G157481*0} => {GRMZM2G100727*0}",0.175084175084175,0.468468468468468,1.24227799227799
"226","{GRMZM2G100727*0} => {GRMZM2G172794*0}",0.171717171717172,0.455357142857143,1.17600931677019
"227","{GRMZM2G100727*0} => {GRMZM2G075502*0}",0.188552188552189,0.5,1.25847457627119
"228","{GRMZM2G075502*0} => {GRMZM2G100727*0}",0.188552188552189,0.474576271186441,1.25847457627119
"229","{GRMZM2G100727*0} => {GRMZM2G459432*0}",0.171717171717172,0.455357142857143,1.16587130541872
"230","{GRMZM2G135314*0} => {GRMZM5G881088*0}",0.175084175084175,0.456140350877193,1.17803203661327
"231","{GRMZM5G881088*0} => {GRMZM2G135314*0}",0.175084175084175,0.452173913043478,1.17803203661327
"232","{GRMZM2G170727*0} => {GRMZM2G135314*0}",0.171717171717172,0.451327433628319,1.17582673497904
"233","{GRMZM2G301208*0} => {GRMZM2G036409*0}",0.168350168350168,0.454545454545455,1.18421052631579
"234","{GRMZM2G301208*0} => {GRMZM2G042516*0}",0.171717171717172,0.463636363636364,1.20789473684211
"235","{GRMZM2G301208*0} => {GRMZM2G109959*0}",0.168350168350168,0.454545454545455,1.18421052631579
"236","{GRMZM2G301208*0} => {GRMZM2G314546*0}",0.175084175084175,0.472727272727273,1.24247787610619
"237","{GRMZM2G314546*0} => {GRMZM2G301208*0}",0.175084175084175,0.460176991150442,1.24247787610619
"238","{GRMZM2G301208*0} => {AC203754.4_FG008*0}",0.191919191919192,0.518181818181818,1.33826086956522
"239","{AC203754.4_FG008*0} => {GRMZM2G301208*0}",0.191919191919192,0.495652173913044,1.33826086956522
"240","{GRMZM2G301208*0} => {GRMZM5G856837*0}",0.178451178451178,0.481818181818182,1.25526315789474
"241","{GRMZM5G856837*0} => {GRMZM2G301208*0}",0.178451178451178,0.464912280701754,1.25526315789474
"242","{GRMZM2G301208*0} => {GRMZM2G154460*0}",0.168350168350168,0.454545454545455,1.17391304347826
"243","{GRMZM2G301208*0} => {GRMZM2G101938*0}",0.178451178451178,0.481818181818182,1.21271186440678
"244","{GRMZM2G301208*0} => {GRMZM2G107609*0}",0.168350168350168,0.454545454545455,1.15384615384615
"245","{GRMZM2G301208*0} => {GRMZM5G871419*0}",0.171717171717172,0.463636363636364,1.16694915254237
"246","{GRMZM2G157481*0} => {GRMZM2G170727*0}",0.171717171717172,0.459459459459459,1.20760583592442
"247","{GRMZM2G170727*0} => {GRMZM2G157481*0}",0.171717171717172,0.451327433628319,1.20760583592442
"248","{GRMZM2G157481*0} => {GRMZM2G081464*0}",0.168350168350168,0.45045045045045,1.14345114345114
"249","{GRMZM2G157481*0} => {GRMZM2G331833*0}",0.168350168350168,0.45045045045045,1.15330848089469
"250","{GRMZM2G157481*0} => {GRMZM2G167492*0}",0.171717171717172,0.459459459459459,1.12776412776413
"251","{GRMZM2G157481*0} => {GRMZM2G108919*0}",0.185185185185185,0.495495495495495,1.22635135135135
"252","{GRMZM2G108919*0} => {GRMZM2G157481*0}",0.185185185185185,0.458333333333333,1.22635135135135
"253","{GRMZM2G042488*0} => {GRMZM2G147145*0}",0.171717171717172,0.455357142857143,1.16587130541872
"254","{GRMZM2G042488*0} => {GRMZM2G327199*0}",0.188552188552189,0.5,1.2375
"255","{GRMZM2G327199*0} => {GRMZM2G042488*0}",0.188552188552189,0.466666666666667,1.2375
"256","{GRMZM2G042488*0} => {GRMZM5G871419*0}",0.175084175084175,0.464285714285714,1.16858353510896
"257","{GRMZM2G042488*0} => {GRMZM2G167492*0}",0.198653198653199,0.526785714285714,1.29301948051948
"258","{GRMZM2G167492*0} => {GRMZM2G042488*0}",0.198653198653199,0.487603305785124,1.29301948051948
"259","{GRMZM2G477340*0} => {GRMZM2G701389*0}",0.171717171717172,0.463636363636364,1.20789473684211
"260","{GRMZM2G477340*0} => {GRMZM2G021514*0}",0.168350168350168,0.454545454545455,1.19469026548673
"261","{GRMZM2G477340*0} => {GRMZM2G172794*0}",0.175084175084175,0.472727272727273,1.22086956521739
"262","{GRMZM2G172794*0} => {GRMZM2G477340*0}",0.175084175084175,0.452173913043478,1.22086956521739
"263","{GRMZM2G477340*0} => {GRMZM2G081464*0}",0.168350168350168,0.454545454545455,1.15384615384615
"264","{GRMZM2G477340*0} => {GRMZM2G513713*0}",0.175084175084175,0.472727272727273,1.22086956521739
"265","{GRMZM2G513713*0} => {GRMZM2G477340*0}",0.175084175084175,0.452173913043478,1.22086956521739
"266","{GRMZM2G477340*0} => {GRMZM5G864903*0}",0.168350168350168,0.454545454545455,1.14406779661017
"267","{GRMZM2G477340*0} => {GRMZM2G459432*0}",0.168350168350168,0.454545454545455,1.16379310344828
"268","{GRMZM2G477340*0} => {GRMZM2G174236*0}",0.168350168350168,0.454545454545455,1.15384615384615
"269","{GRMZM2G477340*0} => {GRMZM2G170351*0}",0.175084175084175,0.472727272727273,1.2
"270","{GRMZM2G477340*0} => {GRMZM2G107609*0}",0.175084175084175,0.472727272727273,1.2
"271","{GRMZM2G477340*0} => {GRMZM2G031568*0}",0.181818181818182,0.490909090909091,1.19508196721311
"272","{GRMZM2G701389*0} => {GRMZM2G147145*0}",0.175084175084175,0.456140350877193,1.16787658802178
"273","{GRMZM2G010353*0} => {GRMZM2G147145*0}",0.175084175084175,0.456140350877193,1.16787658802178
"274","{GRMZM2G147145*0} => {GRMZM2G569903*0}",0.185185185185185,0.474137931034483,1.23525408348457
"275","{GRMZM2G569903*0} => {GRMZM2G147145*0}",0.185185185185185,0.482456140350877,1.23525408348457
"276","{GRMZM2G147145*0} => {GRMZM2G149230*0}",0.188552188552189,0.482758620689655,1.23602853745541
"277","{GRMZM2G149230*0} => {GRMZM2G147145*0}",0.188552188552189,0.482758620689655,1.23602853745541
"278","{GRMZM2G147145*0} => {GRMZM2G167492*0}",0.185185185185185,0.474137931034483,1.16379310344828
"279","{GRMZM2G167492*0} => {GRMZM2G147145*0}",0.185185185185185,0.454545454545455,1.16379310344828
"280","{GRMZM2G701389*0} => {GRMZM2G088919*0}",0.175084175084175,0.456140350877193,1.15789473684211
"281","{GRMZM2G701389*0} => {GRMZM5G864903*0}",0.198653198653199,0.517543859649123,1.30263157894737
"282","{GRMZM5G864903*0} => {GRMZM2G701389*0}",0.198653198653199,0.5,1.30263157894737
"283","{GRMZM2G021514*0} => {GRMZM2G472945*0}",0.171717171717172,0.451327433628319,1.19682364096081
"284","{GRMZM2G472945*0} => {GRMZM2G021514*0}",0.171717171717172,0.455357142857143,1.19682364096081
"285","{GRMZM2G021514*0} => {GRMZM5G864903*0}",0.178451178451178,0.469026548672566,1.18051597420129
"286","{GRMZM2G021514*0} => {GRMZM2G107609*0}",0.175084175084175,0.460176991150442,1.16814159292035
"287","{GRMZM2G021514*0} => {GRMZM2G327199*0}",0.175084175084175,0.460176991150442,1.13893805309735
"288","{GRMZM2G042506*0} => {GRMZM5G864903*0}",0.178451178451178,0.464912280701754,1.17016057091882
"289","{GRMZM2G042506*0} => {GRMZM2G101938*0}",0.178451178451178,0.464912280701754,1.17016057091882
"290","{GRMZM2G472945*0} => {GRMZM2G089491*0}",0.171717171717172,0.455357142857143,1.19682364096081
"291","{GRMZM2G089491*0} => {GRMZM2G472945*0}",0.171717171717172,0.451327433628319,1.19682364096081
"292","{GRMZM2G472945*0} => {GRMZM2G116881*0}",0.171717171717172,0.455357142857143,1.16587130541872
"293","{GRMZM2G472945*0} => {GRMZM2G174236*0}",0.181818181818182,0.482142857142857,1.2239010989011
"294","{GRMZM2G174236*0} => {GRMZM2G472945*0}",0.181818181818182,0.461538461538462,1.2239010989011
"295","{GRMZM2G472945*0} => {GRMZM2G031568*0}",0.178451178451178,0.473214285714286,1.15200526932084
"296","{GRMZM2G472945*0} => {GRMZM2G167492*0}",0.171717171717172,0.455357142857143,1.11769480519481
"297","{GRMZM2G082180*0} => {GRMZM2G174949*0}",0.188552188552189,0.491228070175439,1.25771324863884
"298","{GRMZM2G174949*0} => {GRMZM2G082180*0}",0.188552188552189,0.482758620689655,1.25771324863884
"299","{GRMZM2G082180*0} => {GRMZM2G174236*0}",0.178451178451178,0.464912280701754,1.18016194331984
"300","{GRMZM2G174236*0} => {GRMZM2G082180*0}",0.178451178451178,0.452991452991453,1.18016194331984
"301","{GRMZM2G082180*0} => {GRMZM2G031568*0}",0.178451178451178,0.464912280701754,1.13179465056083
"302","{GRMZM2G082180*0} => {GRMZM5G871419*0}",0.175084175084175,0.456140350877193,1.14808206958073
"303","{GRMZM2G082180*0} => {GRMZM2G167492*0}",0.178451178451178,0.464912280701754,1.14114832535885
"304","{GRMZM2G082180*0} => {GRMZM2G089565*0}",0.181818181818182,0.473684210526316,1.18222025652366
"305","{GRMZM2G089565*0} => {GRMZM2G082180*0}",0.181818181818182,0.453781512605042,1.18222025652366
"306","{GRMZM2G419267*0} => {GRMZM2G128214*0}",0.171717171717172,0.459459459459459,1.17637465051258
"307","{GRMZM2G419267*0} => {GRMZM2G017678*0}",0.168350168350168,0.45045045045045,1.19449806949807
"308","{GRMZM2G419267*0} => {GRMZM2G170727*0}",0.181818181818182,0.486486486486487,1.27864147333174
"309","{GRMZM2G170727*0} => {GRMZM2G419267*0}",0.181818181818182,0.47787610619469,1.27864147333174
"310","{GRMZM2G419267*0} => {GRMZM2G569903*0}",0.168350168350168,0.45045045045045,1.17354196301565
"311","{GRMZM2G419267*0} => {GRMZM2G088834*0}",0.168350168350168,0.45045045045045,1.16333725029377
"312","{GRMZM2G419267*0} => {GRMZM2G375675*0}",0.168350168350168,0.45045045045045,1.17354196301565
"313","{GRMZM2G419267*0} => {GRMZM2G067350*0}",0.181818181818182,0.486486486486487,1.25640423031727
"314","{GRMZM2G067350*0} => {GRMZM2G419267*0}",0.181818181818182,0.469565217391304,1.25640423031727
"315","{GRMZM2G419267*0} => {GRMZM2G174949*0}",0.181818181818182,0.486486486486487,1.24557315936626
"316","{GRMZM2G174949*0} => {GRMZM2G419267*0}",0.181818181818182,0.46551724137931,1.24557315936626
"317","{GRMZM2G419267*0} => {AC203754.4_FG008*0}",0.168350168350168,0.45045045045045,1.16333725029377
"318","{GRMZM2G419267*0} => {GRMZM5G856837*0}",0.168350168350168,0.45045045045045,1.17354196301565
"319","{GRMZM2G419267*0} => {GRMZM2G174236*0}",0.168350168350168,0.45045045045045,1.14345114345114
"320","{GRMZM2G419267*0} => {GRMZM2G107609*0}",0.191919191919192,0.513513513513513,1.3035343035343
"321","{GRMZM2G107609*0} => {GRMZM2G419267*0}",0.191919191919192,0.487179487179487,1.3035343035343
"322","{GRMZM2G419267*0} => {GRMZM2G031568*0}",0.188552188552189,0.504504504504504,1.2281789986708
"323","{GRMZM2G031568*0} => {GRMZM2G419267*0}",0.188552188552189,0.459016393442623,1.2281789986708
"324","{GRMZM2G089491*0} => {GRMZM2G042516*0}",0.171717171717172,0.451327433628319,1.17582673497904
"325","{GRMZM2G089491*0} => {GRMZM2G314546*0}",0.171717171717172,0.451327433628319,1.18623228130629
"326","{GRMZM2G314546*0} => {GRMZM2G089491*0}",0.171717171717172,0.451327433628319,1.18623228130629
"327","{GRMZM2G089491*0} => {GRMZM2G459432*0}",0.175084175084175,0.460176991150442,1.17821177906622
"328","{GRMZM2G089491*0} => {GRMZM2G327199*0}",0.171717171717172,0.451327433628319,1.11703539823009
"329","{GRMZM2G089491*0} => {GRMZM2G108919*0}",0.178451178451178,0.469026548672566,1.1608407079646
"330","{GRMZM2G177169*0} => {GRMZM5G881088*0}",0.178451178451178,0.469026548672566,1.2113120430935
"331","{GRMZM5G881088*0} => {GRMZM2G177169*0}",0.178451178451178,0.460869565217391,1.2113120430935
"332","{GRMZM2G177169*0} => {GRMZM2G012498*0}",0.175084175084175,0.460176991150442,1.1988821611551
"333","{GRMZM2G012498*0} => {GRMZM2G177169*0}",0.175084175084175,0.456140350877193,1.1988821611551
"334","{GRMZM2G177169*0} => {GRMZM2G036409*0}",0.171717171717172,0.451327433628319,1.17582673497904
"335","{GRMZM2G177169*0} => {GRMZM2G075502*0}",0.171717171717172,0.451327433628319,1.13596820158992
"336","{GRMZM2G177169*0} => {GRMZM2G116881*0}",0.175084175084175,0.460176991150442,1.17821177906622
"337","{GRMZM2G320298*0} => {GRMZM2G314546*0}",0.175084175084175,0.464285714285714,1.22029077117573
"338","{GRMZM2G314546*0} => {GRMZM2G320298*0}",0.175084175084175,0.460176991150442,1.22029077117573
"339","{GRMZM2G320298*0} => {GRMZM2G068575*0}",0.178451178451178,0.473214285714286,1.21159174876847
"340","{GRMZM2G068575*0} => {GRMZM2G320298*0}",0.178451178451178,0.456896551724138,1.21159174876847
"341","{GRMZM2G320298*0} => {GRMZM2G142776*0}",0.171717171717172,0.455357142857143,1.13647959183673
"342","{GRMZM2G320298*0} => {GRMZM2G170351*0}",0.175084175084175,0.464285714285714,1.17857142857143
"343","{GRMZM2G320298*0} => {GRMZM2G107609*0}",0.181818181818182,0.482142857142857,1.2239010989011
"344","{GRMZM2G107609*0} => {GRMZM2G320298*0}",0.181818181818182,0.461538461538462,1.2239010989011
"345","{GRMZM2G320298*0} => {GRMZM2G327199*0}",0.171717171717172,0.455357142857143,1.12700892857143
"346","{GRMZM2G320298*0} => {GRMZM2G089565*0}",0.181818181818182,0.482142857142857,1.20333133253301
"347","{GRMZM2G089565*0} => {GRMZM2G320298*0}",0.181818181818182,0.453781512605042,1.20333133253301
"348","{GRMZM2G320298*0} => {GRMZM2G108919*0}",0.175084175084175,0.464285714285714,1.14910714285714
"349","{GRMZM2G320298*0} => {GRMZM2G174621*0}",0.175084175084175,0.464285714285714,1.14910714285714
"350","{GRMZM2G172794*0} => {GRMZM2G174949*0}",0.175084175084175,0.452173913043478,1.15772113943028
"351","{GRMZM2G172794*0} => {GRMZM2G459432*0}",0.175084175084175,0.452173913043478,1.15772113943028
"352","{GRMZM2G172794*0} => {GRMZM2G174621*0}",0.181818181818182,0.469565217391304,1.16217391304348
"353","{GRMZM2G174621*0} => {GRMZM2G172794*0}",0.181818181818182,0.45,1.16217391304348
"354","{GRMZM5G838420*0} => {GRMZM2G394237*0}",0.171717171717172,0.455357142857143,1.17600931677019
"355","{GRMZM5G838420*0} => {GRMZM2G036409*0}",0.171717171717172,0.455357142857143,1.18632518796992
"356","{GRMZM5G838420*0} => {GRMZM2G170727*0}",0.181818181818182,0.482142857142857,1.26722503160556
"357","{GRMZM2G170727*0} => {GRMZM5G838420*0}",0.181818181818182,0.47787610619469,1.26722503160556
"358","{GRMZM5G838420*0} => {GRMZM2G088834*0}",0.175084175084175,0.464285714285714,1.19906832298137
"359","{GRMZM2G088834*0} => {GRMZM5G838420*0}",0.175084175084175,0.452173913043478,1.19906832298137
"360","{GRMZM5G838420*0} => {GRMZM2G331833*0}",0.178451178451178,0.473214285714286,1.21159174876847
"361","{GRMZM2G331833*0} => {GRMZM5G838420*0}",0.178451178451178,0.456896551724138,1.21159174876847
"362","{GRMZM5G838420*0} => {GRMZM2G174236*0}",0.181818181818182,0.482142857142857,1.2239010989011
"363","{GRMZM2G174236*0} => {GRMZM5G838420*0}",0.181818181818182,0.461538461538462,1.2239010989011
"364","{GRMZM5G838420*0} => {GRMZM2G154460*0}",0.185185185185185,0.491071428571429,1.26824534161491
"365","{GRMZM2G154460*0} => {GRMZM5G838420*0}",0.185185185185185,0.478260869565217,1.26824534161491
"366","{GRMZM2G128214*0} => {GRMZM2G375675*0}",0.185185185185185,0.474137931034483,1.23525408348457
"367","{GRMZM2G375675*0} => {GRMZM2G128214*0}",0.185185185185185,0.482456140350877,1.23525408348457
"368","{GRMZM2G128214*0} => {GRMZM2G152447*0}",0.188552188552189,0.482758620689655,1.23602853745541
"369","{GRMZM2G152447*0} => {GRMZM2G128214*0}",0.188552188552189,0.482758620689655,1.23602853745541
"370","{GRMZM2G314546*0} => {GRMZM2G128214*0}",0.171717171717172,0.451327433628319,1.15555386023802
"371","{GRMZM2G128214*0} => {GRMZM2G031568*0}",0.178451178451178,0.456896551724138,1.11228094968909
"372","{GRMZM2G017678*0} => {GRMZM2G142776*0}",0.175084175084175,0.464285714285714,1.15876350540216
"373","{GRMZM2G017678*0} => {GRMZM2G154460*0}",0.181818181818182,0.482142857142857,1.24518633540373
"374","{GRMZM2G154460*0} => {GRMZM2G017678*0}",0.181818181818182,0.469565217391304,1.24518633540373
"375","{GRMZM2G017678*0} => {GRMZM2G031568*0}",0.171717171717172,0.455357142857143,1.10853337236534
"376","{GRMZM2G017678*0} => {GRMZM2G174621*0}",0.171717171717172,0.455357142857143,1.12700892857143
"377","{GRMZM5G881088*0} => {GRMZM2G142776*0}",0.188552188552189,0.48695652173913,1.2153452685422
"378","{GRMZM2G142776*0} => {GRMZM5G881088*0}",0.188552188552189,0.470588235294118,1.2153452685422
"379","{GRMZM2G394237*0} => {GRMZM2G042516*0}",0.188552188552189,0.48695652173913,1.26864988558352
"380","{GRMZM2G042516*0} => {GRMZM2G394237*0}",0.188552188552189,0.491228070175439,1.26864988558352
"381","{GRMZM2G394237*0} => {GRMZM5G864903*0}",0.185185185185185,0.478260869565217,1.20375829034635
"382","{GRMZM5G864903*0} => {GRMZM2G394237*0}",0.185185185185185,0.466101694915254,1.20375829034635
"383","{GRMZM2G012498*0} => {GRMZM2G101938*0}",0.178451178451178,0.464912280701754,1.17016057091882
"384","{GRMZM2G012498*0} => {GRMZM2G031568*0}",0.178451178451178,0.464912280701754,1.13179465056083
"385","{GRMZM2G036409*0} => {GRMZM2G170727*0}",0.181818181818182,0.473684210526316,1.24499301350722
"386","{GRMZM2G170727*0} => {GRMZM2G036409*0}",0.181818181818182,0.47787610619469,1.24499301350722
"387","{GRMZM2G036409*0} => {GRMZM2G088834*0}",0.175084175084175,0.456140350877193,1.17803203661327
"388","{GRMZM2G088834*0} => {GRMZM2G036409*0}",0.175084175084175,0.452173913043478,1.17803203661327
"389","{GRMZM2G036409*0} => {GRMZM2G152447*0}",0.175084175084175,0.456140350877193,1.16787658802178
"390","{GRMZM2G036409*0} => {AC203754.4_FG008*0}",0.178451178451178,0.464912280701754,1.20068649885584
"391","{AC203754.4_FG008*0} => {GRMZM2G036409*0}",0.178451178451178,0.460869565217391,1.20068649885584
"392","{GRMZM2G036409*0} => {GRMZM2G089565*0}",0.175084175084175,0.456140350877193,1.13843432109686
"393","{GRMZM2G170727*0} => {GRMZM2G340807*0}",0.171717171717172,0.451327433628319,1.18623228130629
"394","{GRMZM2G340807*0} => {GRMZM2G170727*0}",0.171717171717172,0.451327433628319,1.18623228130629
"395","{GRMZM2G170727*0} => {GRMZM2G513713*0}",0.175084175084175,0.460176991150442,1.18845709888419
"396","{GRMZM2G513713*0} => {GRMZM2G170727*0}",0.175084175084175,0.452173913043478,1.18845709888419
"397","{GRMZM2G170727*0} => {GRMZM2G116881*0}",0.171717171717172,0.451327433628319,1.15555386023802
"398","{GRMZM2G170727*0} => {GRMZM2G108919*0}",0.185185185185185,0.486725663716814,1.20464601769911
"399","{GRMZM2G108919*0} => {GRMZM2G170727*0}",0.185185185185185,0.458333333333333,1.20464601769911
"400","{GRMZM2G170727*0} => {GRMZM2G174621*0}",0.175084175084175,0.460176991150442,1.13893805309735
"401","{GRMZM2G104955*0} => {GRMZM2G375675*0}",0.178451178451178,0.473214285714286,1.2328477443609
"402","{GRMZM2G375675*0} => {GRMZM2G104955*0}",0.178451178451178,0.464912280701754,1.2328477443609
"403","{GRMZM2G104955*0} => {GRMZM2G137375*0}",0.171717171717172,0.455357142857143,1.19682364096081
"404","{GRMZM2G137375*0} => {GRMZM2G104955*0}",0.171717171717172,0.451327433628319,1.19682364096081
"405","{GRMZM2G104955*0} => {GRMZM2G088919*0}",0.171717171717172,0.455357142857143,1.15590659340659
"406","{GRMZM2G104955*0} => {GRMZM2G142776*0}",0.171717171717172,0.455357142857143,1.13647959183673
"407","{GRMZM2G104955*0} => {GRMZM2G459432*0}",0.181818181818182,0.482142857142857,1.23445197044335
"408","{GRMZM2G459432*0} => {GRMZM2G104955*0}",0.181818181818182,0.46551724137931,1.23445197044335
"409","{GRMZM2G104955*0} => {GRMZM2G174236*0}",0.175084175084175,0.464285714285714,1.17857142857143
"410","{GRMZM2G104955*0} => {GRMZM5G871419*0}",0.195286195286195,0.517857142857143,1.3034200968523
"411","{GRMZM5G871419*0} => {GRMZM2G104955*0}",0.195286195286195,0.491525423728814,1.3034200968523
"412","{GRMZM2G340807*0} => {GRMZM2G010353*0}",0.178451178451178,0.469026548672566,1.22193758733116
"413","{GRMZM2G010353*0} => {GRMZM2G340807*0}",0.178451178451178,0.464912280701754,1.22193758733116
"414","{GRMZM2G340807*0} => {GRMZM2G513713*0}",0.171717171717172,0.451327433628319,1.16560215467487
"415","{GRMZM2G340807*0} => {GRMZM2G301885*0}",0.175084175084175,0.460176991150442,1.15824208789561
"416","{GRMZM2G340807*0} => {GRMZM2G101938*0}",0.188552188552189,0.495575221238938,1.24733763311834
"417","{GRMZM2G101938*0} => {GRMZM2G340807*0}",0.188552188552189,0.474576271186441,1.24733763311834
"418","{GRMZM2G340807*0} => {GRMZM2G327199*0}",0.185185185185185,0.486725663716814,1.20464601769911
"419","{GRMZM2G327199*0} => {GRMZM2G340807*0}",0.185185185185185,0.458333333333333,1.20464601769911
"420","{GRMZM2G340807*0} => {GRMZM2G174621*0}",0.178451178451178,0.469026548672566,1.1608407079646
"421","{GRMZM2G010353*0} => {GRMZM2G152373*0}",0.181818181818182,0.473684210526316,1.23407202216066
"422","{GRMZM2G152373*0} => {GRMZM2G010353*0}",0.181818181818182,0.473684210526316,1.23407202216066
"423","{GRMZM2G010353*0} => {GRMZM2G513713*0}",0.175084175084175,0.456140350877193,1.17803203661327
"424","{GRMZM2G513713*0} => {GRMZM2G010353*0}",0.175084175084175,0.452173913043478,1.17803203661327
"425","{GRMZM2G010353*0} => {GRMZM2G152447*0}",0.181818181818182,0.473684210526316,1.21279491833031
"426","{GRMZM2G152447*0} => {GRMZM2G010353*0}",0.181818181818182,0.46551724137931,1.21279491833031
"427","{GRMZM2G010353*0} => {GRMZM2G174621*0}",0.175084175084175,0.456140350877193,1.12894736842105
"428","{GRMZM2G152373*0} => {GRMZM2G028252*0}",0.175084175084175,0.456140350877193,1.18836565096953
"429","{GRMZM2G028252*0} => {GRMZM2G152373*0}",0.175084175084175,0.456140350877193,1.18836565096953
"430","{GRMZM2G152373*0} => {GRMZM2G020594*0}",0.191919191919192,0.5,1.26923076923077
"431","{GRMZM2G020594*0} => {GRMZM2G152373*0}",0.191919191919192,0.487179487179487,1.26923076923077
"432","{GRMZM2G569903*0} => {GRMZM2G101938*0}",0.185185185185185,0.482456140350877,1.214317573595
"433","{GRMZM2G101938*0} => {GRMZM2G569903*0}",0.185185185185185,0.466101694915254,1.214317573595
"434","{GRMZM2G028129*0} => {GRMZM2G331833*0}",0.175084175084175,0.452173913043478,1.15772113943028
"435","{GRMZM2G028129*0} => {GRMZM2G174236*0}",0.175084175084175,0.452173913043478,1.14782608695652
"436","{GRMZM2G028129*0} => {GRMZM2G031568*0}",0.178451178451178,0.460869565217391,1.12195295794726
"437","{GRMZM2G028129*0} => {GRMZM2G327199*0}",0.181818181818182,0.469565217391304,1.16217391304348
"438","{GRMZM2G327199*0} => {GRMZM2G028129*0}",0.181818181818182,0.45,1.16217391304348
"439","{GRMZM2G028129*0} => {GRMZM2G167492*0}",0.178451178451178,0.460869565217391,1.13122529644269
"440","{GRMZM2G028129*0} => {GRMZM2G108919*0}",0.178451178451178,0.460869565217391,1.14065217391304
"441","{GRMZM2G081464*0} => {GRMZM2G513713*0}",0.178451178451178,0.452991452991453,1.16989966555184
"442","{GRMZM2G513713*0} => {GRMZM2G081464*0}",0.178451178451178,0.460869565217391,1.16989966555184
"443","{GRMZM2G081464*0} => {GRMZM2G116881*0}",0.178451178451178,0.452991452991453,1.15981432360743
"444","{GRMZM2G116881*0} => {GRMZM2G081464*0}",0.178451178451178,0.456896551724138,1.15981432360743
"445","{GRMZM2G314546*0} => {GRMZM2G081464*0}",0.171717171717172,0.451327433628319,1.14567733151804
"446","{GRMZM2G081464*0} => {GRMZM2G167492*0}",0.178451178451178,0.452991452991453,1.11188811188811
"447","{GRMZM2G513713*0} => {GRMZM2G152447*0}",0.181818181818182,0.469565217391304,1.20224887556222
"448","{GRMZM2G152447*0} => {GRMZM2G513713*0}",0.181818181818182,0.46551724137931,1.20224887556222
"449","{GRMZM2G137375*0} => {GRMZM2G513713*0}",0.171717171717172,0.451327433628319,1.16560215467487
"450","{GRMZM2G513713*0} => {GRMZM5G856837*0}",0.188552188552189,0.48695652173913,1.26864988558352
"451","{GRMZM5G856837*0} => {GRMZM2G513713*0}",0.188552188552189,0.491228070175439,1.26864988558352
"452","{GRMZM2G513713*0} => {GRMZM2G174236*0}",0.181818181818182,0.469565217391304,1.19197324414716
"453","{GRMZM2G174236*0} => {GRMZM2G513713*0}",0.181818181818182,0.461538461538462,1.19197324414716
"454","{GRMZM2G513713*0} => {GRMZM2G101938*0}",0.175084175084175,0.452173913043478,1.13809874723655
"455","{GRMZM2G513713*0} => {GRMZM2G031568*0}",0.185185185185185,0.478260869565217,1.16429080541696
"456","{GRMZM2G031568*0} => {GRMZM2G513713*0}",0.185185185185185,0.450819672131148,1.16429080541696
"457","{GRMZM2G513713*0} => {GRMZM2G327199*0}",0.181818181818182,0.469565217391304,1.16217391304348
"458","{GRMZM2G327199*0} => {GRMZM2G513713*0}",0.181818181818182,0.45,1.16217391304348
"459","{GRMZM2G042516*0} => {GRMZM2G075502*0}",0.175084175084175,0.456140350877193,1.14808206958073
"460","{GRMZM2G042516*0} => {GRMZM2G137375*0}",0.185185185185185,0.482456140350877,1.26804843968328
"461","{GRMZM2G137375*0} => {GRMZM2G042516*0}",0.185185185185185,0.486725663716814,1.26804843968328
"462","{GRMZM2G042516*0} => {GRMZM2G174236*0}",0.178451178451178,0.464912280701754,1.18016194331984
"463","{GRMZM2G174236*0} => {GRMZM2G042516*0}",0.178451178451178,0.452991452991453,1.18016194331984
"464","{GRMZM2G042516*0} => {GRMZM2G174621*0}",0.181818181818182,0.473684210526316,1.17236842105263
"465","{GRMZM2G174621*0} => {GRMZM2G042516*0}",0.181818181818182,0.45,1.17236842105263
"466","{GRMZM2G109959*0} => {GRMZM2G028252*0}",0.175084175084175,0.456140350877193,1.18836565096953
"467","{GRMZM2G028252*0} => {GRMZM2G109959*0}",0.175084175084175,0.456140350877193,1.18836565096953
"468","{GRMZM2G109959*0} => {GRMZM2G020594*0}",0.175084175084175,0.456140350877193,1.15789473684211
"469","{GRMZM2G088834*0} => {GRMZM2G170351*0}",0.175084175084175,0.452173913043478,1.14782608695652
"470","{GRMZM2G088834*0} => {GRMZM2G154460*0}",0.178451178451178,0.460869565217391,1.19024574669187
"471","{GRMZM2G154460*0} => {GRMZM2G088834*0}",0.178451178451178,0.460869565217391,1.19024574669187
"472","{GRMZM2G088834*0} => {GRMZM2G108919*0}",0.178451178451178,0.460869565217391,1.14065217391304
"473","{GRMZM2G331833*0} => {GRMZM2G075502*0}",0.188552188552189,0.482758620689655,1.21507890122735
"474","{GRMZM2G075502*0} => {GRMZM2G331833*0}",0.188552188552189,0.474576271186441,1.21507890122735
"475","{GRMZM2G331833*0} => {GRMZM2G031568*0}",0.178451178451178,0.456896551724138,1.11228094968909
"476","{GRMZM2G331833*0} => {GRMZM2G089565*0}",0.191919191919192,0.491379310344828,1.22638365691104
"477","{GRMZM2G089565*0} => {GRMZM2G331833*0}",0.191919191919192,0.478991596638655,1.22638365691104
"478","{GRMZM2G028252*0} => {GRMZM2G375675*0}",0.185185185185185,0.482456140350877,1.25692520775623
"479","{GRMZM2G375675*0} => {GRMZM2G028252*0}",0.185185185185185,0.482456140350877,1.25692520775623
"480","{GRMZM2G028252*0} => {GRMZM5G856837*0}",0.175084175084175,0.456140350877193,1.18836565096953
"481","{GRMZM5G856837*0} => {GRMZM2G028252*0}",0.175084175084175,0.456140350877193,1.18836565096953
"482","{GRMZM2G028252*0} => {GRMZM5G871419*0}",0.178451178451178,0.464912280701754,1.17016057091882
"483","{GRMZM2G375675*0} => {AC203754.4_FG008*0}",0.185185185185185,0.482456140350877,1.24599542334096
"484","{AC203754.4_FG008*0} => {GRMZM2G375675*0}",0.185185185185185,0.478260869565217,1.24599542334096
"485","{GRMZM2G375675*0} => {GRMZM2G301885*0}",0.175084175084175,0.456140350877193,1.14808206958073
"486","{GRMZM2G375675*0} => {GRMZM2G154460*0}",0.191919191919192,0.5,1.29130434782609
"487","{GRMZM2G154460*0} => {GRMZM2G375675*0}",0.191919191919192,0.495652173913044,1.29130434782609
"488","{GRMZM2G375675*0} => {GRMZM5G871419*0}",0.205387205387205,0.535087719298246,1.34678858162355
"489","{GRMZM5G871419*0} => {GRMZM2G375675*0}",0.205387205387205,0.516949152542373,1.34678858162355
"490","{GRMZM2G375675*0} => {GRMZM2G089565*0}",0.181818181818182,0.473684210526316,1.18222025652366
"491","{GRMZM2G089565*0} => {GRMZM2G375675*0}",0.181818181818182,0.453781512605042,1.18222025652366
"492","{GRMZM2G152447*0} => {GRMZM2G459432*0}",0.178451178451178,0.456896551724138,1.16981272294887
"493","{GRMZM2G459432*0} => {GRMZM2G152447*0}",0.178451178451178,0.456896551724138,1.16981272294887
"494","{GRMZM2G137375*0} => {GRMZM2G116881*0}",0.178451178451178,0.469026548672566,1.20086969789442
"495","{GRMZM2G116881*0} => {GRMZM2G137375*0}",0.178451178451178,0.456896551724138,1.20086969789442
"496","{GRMZM2G137375*0} => {GRMZM2G174236*0}",0.178451178451178,0.469026548672566,1.19060585432267
"497","{GRMZM2G174236*0} => {GRMZM2G137375*0}",0.178451178451178,0.452991452991453,1.19060585432267
"498","{GRMZM2G137375*0} => {GRMZM2G170351*0}",0.171717171717172,0.451327433628319,1.14567733151804
"499","{GRMZM2G137375*0} => {GRMZM2G327199*0}",0.171717171717172,0.451327433628319,1.11703539823009
"500","{GRMZM2G067350*0} => {GRMZM2G174949*0}",0.175084175084175,0.452173913043478,1.15772113943028
"501","{GRMZM2G067350*0} => {GRMZM2G174236*0}",0.185185185185185,0.478260869565217,1.21404682274247
"502","{GRMZM2G174236*0} => {GRMZM2G067350*0}",0.185185185185185,0.47008547008547,1.21404682274247
"503","{GRMZM2G067350*0} => {GRMZM2G020594*0}",0.178451178451178,0.460869565217391,1.16989966555184
"504","{GRMZM2G020594*0} => {GRMZM2G067350*0}",0.178451178451178,0.452991452991453,1.16989966555184
"505","{GRMZM2G067350*0} => {GRMZM2G031568*0}",0.175084175084175,0.452173913043478,1.1007840342124
"506","{GRMZM2G116881*0} => {GRMZM2G068575*0}",0.178451178451178,0.456896551724138,1.16981272294887
"507","{GRMZM2G068575*0} => {GRMZM2G116881*0}",0.178451178451178,0.456896551724138,1.16981272294887
"508","{GRMZM2G116881*0} => {GRMZM2G107609*0}",0.178451178451178,0.456896551724138,1.15981432360743
"509","{GRMZM2G107609*0} => {GRMZM2G116881*0}",0.178451178451178,0.452991452991453,1.15981432360743
"510","{GRMZM2G314546*0} => {GRMZM2G088919*0}",0.175084175084175,0.460176991150442,1.16814159292035
"511","{GRMZM2G088919*0} => {GRMZM5G856837*0}",0.191919191919192,0.487179487179487,1.26923076923077
"512","{GRMZM5G856837*0} => {GRMZM2G088919*0}",0.191919191919192,0.5,1.26923076923077
"513","{GRMZM2G088919*0} => {GRMZM2G020594*0}",0.178451178451178,0.452991452991453,1.14990138067061
"514","{GRMZM2G020594*0} => {GRMZM2G088919*0}",0.178451178451178,0.452991452991453,1.14990138067061
"515","{GRMZM2G174949*0} => {GRMZM2G314546*0}",0.198653198653199,0.508620689655172,1.33681721086359
"516","{GRMZM2G314546*0} => {GRMZM2G174949*0}",0.198653198653199,0.52212389380531,1.33681721086359
"517","{GRMZM2G174949*0} => {AC203754.4_FG008*0}",0.181818181818182,0.46551724137931,1.20224887556222
"518","{AC203754.4_FG008*0} => {GRMZM2G174949*0}",0.181818181818182,0.469565217391304,1.20224887556222
"519","{GRMZM2G174949*0} => {GRMZM5G871419*0}",0.181818181818182,0.46551724137931,1.17168322618352
"520","{GRMZM5G871419*0} => {GRMZM2G174949*0}",0.181818181818182,0.457627118644068,1.17168322618352
"521","{GRMZM2G174949*0} => {GRMZM2G089565*0}",0.181818181818182,0.46551724137931,1.16183714865256
"522","{GRMZM2G089565*0} => {GRMZM2G174949*0}",0.181818181818182,0.453781512605042,1.16183714865256
"523","{GRMZM2G314546*0} => {AC203754.4_FG008*0}",0.178451178451178,0.469026548672566,1.2113120430935
"524","{AC203754.4_FG008*0} => {GRMZM2G314546*0}",0.178451178451178,0.460869565217391,1.2113120430935
"525","{GRMZM2G314546*0} => {GRMZM2G459432*0}",0.178451178451178,0.469026548672566,1.20086969789442
"526","{GRMZM2G459432*0} => {GRMZM2G314546*0}",0.178451178451178,0.456896551724138,1.20086969789442
"527","{GRMZM2G314546*0} => {GRMZM2G170351*0}",0.175084175084175,0.460176991150442,1.16814159292035
"528","{GRMZM2G314546*0} => {GRMZM2G154460*0}",0.178451178451178,0.469026548672566,1.2113120430935
"529","{GRMZM2G154460*0} => {GRMZM2G314546*0}",0.178451178451178,0.460869565217391,1.2113120430935
"530","{GRMZM2G314546*0} => {GRMZM5G871419*0}",0.188552188552189,0.495575221238938,1.24733763311834
"531","{GRMZM5G871419*0} => {GRMZM2G314546*0}",0.188552188552189,0.474576271186441,1.24733763311834
"532","{GRMZM2G314546*0} => {GRMZM2G089565*0}",0.185185185185185,0.486725663716814,1.2147690934781
"533","{GRMZM2G089565*0} => {GRMZM2G314546*0}",0.185185185185185,0.46218487394958,1.2147690934781
"534","{GRMZM2G314546*0} => {GRMZM2G174621*0}",0.175084175084175,0.460176991150442,1.13893805309735
"535","{AC203754.4_FG008*0} => {GRMZM5G856837*0}",0.195286195286195,0.504347826086956,1.31395881006865
"536","{GRMZM5G856837*0} => {AC203754.4_FG008*0}",0.195286195286195,0.508771929824561,1.31395881006865
"537","{AC203754.4_FG008*0} => {GRMZM5G871419*0}",0.178451178451178,0.460869565217391,1.15998526160648
"538","{AC203754.4_FG008*0} => {GRMZM2G174621*0}",0.195286195286195,0.504347826086956,1.24826086956522
"539","{GRMZM2G174621*0} => {AC203754.4_FG008*0}",0.195286195286195,0.483333333333333,1.24826086956522
"540","{GRMZM2G068575*0} => {GRMZM2G142776*0}",0.188552188552189,0.482758620689655,1.20486815415821
"541","{GRMZM2G142776*0} => {GRMZM2G068575*0}",0.188552188552189,0.470588235294118,1.20486815415821
"542","{GRMZM2G068575*0} => {GRMZM2G089565*0}",0.181818181818182,0.46551724137931,1.16183714865256
"543","{GRMZM2G089565*0} => {GRMZM2G068575*0}",0.181818181818182,0.453781512605042,1.16183714865256
"544","{GRMZM5G856837*0} => {GRMZM2G154460*0}",0.195286195286195,0.508771929824561,1.31395881006865
"545","{GRMZM2G154460*0} => {GRMZM5G856837*0}",0.195286195286195,0.504347826086956,1.31395881006865
"546","{GRMZM5G856837*0} => {GRMZM2G101938*0}",0.185185185185185,0.482456140350877,1.214317573595
"547","{GRMZM2G101938*0} => {GRMZM5G856837*0}",0.185185185185185,0.466101694915254,1.214317573595
"548","{GRMZM5G856837*0} => {GRMZM2G107609*0}",0.195286195286195,0.508771929824561,1.2914979757085
"549","{GRMZM2G107609*0} => {GRMZM5G856837*0}",0.195286195286195,0.495726495726496,1.2914979757085
"550","{GRMZM5G856837*0} => {GRMZM2G167492*0}",0.185185185185185,0.482456140350877,1.18421052631579
"551","{GRMZM2G167492*0} => {GRMZM5G856837*0}",0.185185185185185,0.454545454545455,1.18421052631579
"552","{GRMZM5G856837*0} => {GRMZM2G174621*0}",0.175084175084175,0.456140350877193,1.12894736842105
"553","{GRMZM2G154460*0} => {GRMZM2G149230*0}",0.175084175084175,0.452173913043478,1.15772113943028
"554","{GRMZM5G864903*0} => {GRMZM2G327199*0}",0.185185185185185,0.466101694915254,1.15360169491525
"555","{GRMZM2G327199*0} => {GRMZM5G864903*0}",0.185185185185185,0.458333333333333,1.15360169491525
"556","{GRMZM5G864903*0} => {GRMZM2G167492*0}",0.185185185185185,0.466101694915254,1.14406779661017
"557","{GRMZM2G167492*0} => {GRMZM5G864903*0}",0.185185185185185,0.454545454545455,1.14406779661017
"558","{GRMZM2G301885*0} => {GRMZM2G174621*0}",0.191919191919192,0.483050847457627,1.19555084745763
"559","{GRMZM2G174621*0} => {GRMZM2G301885*0}",0.191919191919192,0.475,1.19555084745763
"560","{GRMZM2G142776*0} => {GRMZM2G174236*0}",0.185185185185185,0.46218487394958,1.1732385261797
"561","{GRMZM2G174236*0} => {GRMZM2G142776*0}",0.185185185185185,0.47008547008547,1.1732385261797
"562","{GRMZM2G142776*0} => {GRMZM2G020594*0}",0.181818181818182,0.453781512605042,1.1519069166128
"563","{GRMZM2G020594*0} => {GRMZM2G142776*0}",0.181818181818182,0.461538461538462,1.1519069166128
"564","{GRMZM2G154460*0} => {GRMZM2G142776*0}",0.175084175084175,0.452173913043478,1.12853489221776
"565","{GRMZM2G142776*0} => {GRMZM2G089565*0}",0.185185185185185,0.46218487394958,1.15352023162206
"566","{GRMZM2G089565*0} => {GRMZM2G142776*0}",0.185185185185185,0.46218487394958,1.15352023162206
"567","{GRMZM2G459432*0} => {GRMZM2G170351*0}",0.178451178451178,0.456896551724138,1.15981432360743
"568","{GRMZM2G170351*0} => {GRMZM2G459432*0}",0.178451178451178,0.452991452991453,1.15981432360743
"569","{GRMZM2G459432*0} => {GRMZM2G154460*0}",0.181818181818182,0.46551724137931,1.20224887556222
"570","{GRMZM2G154460*0} => {GRMZM2G459432*0}",0.181818181818182,0.469565217391304,1.20224887556222
"571","{GRMZM2G459432*0} => {GRMZM2G089565*0}",0.191919191919192,0.491379310344828,1.22638365691104
"572","{GRMZM2G089565*0} => {GRMZM2G459432*0}",0.191919191919192,0.478991596638655,1.22638365691104
"573","{GRMZM2G174236*0} => {GRMZM2G170351*0}",0.178451178451178,0.452991452991453,1.14990138067061
"574","{GRMZM2G170351*0} => {GRMZM2G174236*0}",0.178451178451178,0.452991452991453,1.14990138067061
"575","{GRMZM2G174236*0} => {GRMZM2G020594*0}",0.202020202020202,0.512820512820513,1.30177514792899
"576","{GRMZM2G020594*0} => {GRMZM2G174236*0}",0.202020202020202,0.512820512820513,1.30177514792899
"577","{GRMZM2G174236*0} => {GRMZM2G107609*0}",0.178451178451178,0.452991452991453,1.14990138067061
"578","{GRMZM2G107609*0} => {GRMZM2G174236*0}",0.178451178451178,0.452991452991453,1.14990138067061
"579","{GRMZM2G174236*0} => {GRMZM2G031568*0}",0.191919191919192,0.487179487179487,1.1860025220681
"580","{GRMZM2G031568*0} => {GRMZM2G174236*0}",0.191919191919192,0.467213114754098,1.1860025220681
"581","{GRMZM2G174236*0} => {GRMZM5G871419*0}",0.195286195286195,0.495726495726496,1.2477183833116
"582","{GRMZM5G871419*0} => {GRMZM2G174236*0}",0.195286195286195,0.491525423728814,1.2477183833116
"583","{GRMZM2G170351*0} => {GRMZM2G108919*0}",0.185185185185185,0.47008547008547,1.16346153846154
"584","{GRMZM2G108919*0} => {GRMZM2G170351*0}",0.185185185185185,0.458333333333333,1.16346153846154
"585","{GRMZM2G154460*0} => {GRMZM2G101938*0}",0.185185185185185,0.478260869565217,1.20375829034635
"586","{GRMZM2G101938*0} => {GRMZM2G154460*0}",0.185185185185185,0.466101694915254,1.20375829034635
"587","{GRMZM2G154460*0} => {GRMZM2G031568*0}",0.178451178451178,0.460869565217391,1.12195295794726
"588","{GRMZM2G101938*0} => {GRMZM2G327199*0}",0.185185185185185,0.466101694915254,1.15360169491525
"589","{GRMZM2G327199*0} => {GRMZM2G101938*0}",0.185185185185185,0.458333333333333,1.15360169491525
"590","{GRMZM2G107609*0} => {GRMZM5G871419*0}",0.188552188552189,0.478632478632479,1.20469361147327
"591","{GRMZM5G871419*0} => {GRMZM2G107609*0}",0.188552188552189,0.474576271186441,1.20469361147327
"592","{GRMZM2G327199*0} => {GRMZM2G167492*0}",0.198653198653199,0.491666666666667,1.20681818181818
"593","{GRMZM2G167492*0} => {GRMZM2G327199*0}",0.198653198653199,0.487603305785124,1.20681818181818
"594","{GRMZM5G871419*0} => {GRMZM2G089565*0}",0.191919191919192,0.483050847457627,1.20559749323458
"595","{GRMZM2G089565*0} => {GRMZM5G871419*0}",0.191919191919192,0.478991596638655,1.20559749323458
"596","{GRMZM2G108919*0} => {GRMZM2G167492*0}",0.181818181818182,0.45,1.10454545454545
